38834
10359
11339
35789
14510
37947
36001
1612
6665
19689
19280
21695
45135
5374
40456
9005
31556
1922
41872
10215
23945
22365
38141
32528
19580
22138
45596
21067
10144
32878
10843
946
35112
26509
6319
10051
13957
2576
564
22588
36016
21899
9415
18534
39572
47640
35176
10508
11308
25947
3817
2690
33324
24689
46263
45027
9275
13996
49791
34680
39945
39958
34647
49117
48036
33183
33012
11085
25204
38132
5979
21625
43034
40498
40967
49809
9473
33555
15809
14750
33832
15049
2861
42403
41737
1634
15257
12766
45409
16597
30683
38144
27686
2277
35306
8177
3164
21851
23765
8932
19406
47087
24633
43681
1610
45362
13052
26258
29243
36983
23891
23161
26103
38302
35950
9107
49138
377
26708
44265
46241
13712
48883
5990
31599
7177
18854
19165
35249
26635
2492
14512
29683
36801
36031
9696
3409
38029
5857
23686
24750
44163
6581
12025
17448
16395
45615
30125
30982
25910
16924
23790
15881
17404
27758
26535
36811
42561
13272
46373
6988
31543
32227
11735
18257
26979
47958
37992
29089
49500
12728
1261
5089
44984
7613
26108
18133
29032
25930
30888
6840
11042
41976
46336
33589
35097
9856
43101
18914
30353
45073
4670
2515
33459
34662
49949
16690
37906
20217
45979
32553
40204
27512
49372
37363
7012
4288
4068
38582
46573
40746
30036
41567
43626
47754
48758
46797
4757
43347
4053
16171
38663
17696
3544
17106
45773
387
12014
23186
24743
49970
11180
66
40445
21090
36927
35195
32518
12105
38363
35906
8156
23141
45544
29839
15308
11849
24556
4333
37812
8162
7679
26498
36748
41285
44327
37519
8683
46368
12813
49458
26961
3257
10645
18188
20163
3158
42567
26316
28701
43770
41401
24707
9814
1553
11540
6661
29382
45454
22258
11406
49915
39057
49307
4955
41111
13942
49987
36174
43419
16125
45263
2037
5195
21989
20866
11684
11665
29767
29327
37152
7097
27292
26543
39949
40256
40739
11722
25892
475
40377
14663
7716
19444
26213
12451
9193
9828
5910
30220
29385
11767
42177
166
16519
31138
42661
17463
8705
9353
15634
12910
47693
16052
781
2476
15778
28188
38836
30936
8446
16948
11309
39829
39113
23849
27228
48867
36569
44075
26102
30585
39291
17264
41292
19932
22752
5455
29192
34671
45713
33871
44531
40129
29080
27983
36615
11589
22135
20417
6043
13764
31932
4705
4514
32677
433
14455
22809
32296
30732
24852
13425
15305
26052
37354
13244
28414
38569
45147
351
15627
23250
46577
12351
39878
2740
36218
771
4497
2980
30794
8672
2098
35989
21742
9648
35549
39627
40892
10393
37067
12039
35596
31614
10808
27431
19357
30721
9625
43785
37839
21415
36730
11157
36143
16990
47468
8057
15180
47821
9529
14
17927
43318
16473
25496
26008
28763
43201
7913
40527
1594
23390
26107
13561
23207
39224
7545
48907
7281
34761
3133
20127
18885
24670
10938
39745
39995
1864
43859
5646
8676
23869
49515
20083
30789
24349
11990
6753
34216
30753
45517
3207
39115
631
6487
44654
25997
28643
25117
39388
39498
25297
38523
49617
42648
49151
38122
5400
39898
6287
33748
22398
1302
4834
13537
10608
49371
6603
44453
43666
27263
38253
6292
15154
39756
6250
28090
6742
43830
35341
3906
24284
9812
48191
3281
22286
48163
34058
33773
26151
20136
33405
21988
11186
10543
19570
17399
27470
5148
40221
5172
41606
46697
49364
25877
49177
20843
43854
3695
715
916
39153
35121
8597
32820
29008
48314
22452
4480
38398
34323
37586
34236
6941
38706
5447
3473
20394
36403
12895
24982
39907
39027
38658
39983
41117
1380
46812
49006
4740
43690
43939
30082
11335
31369
3956
26346
4154
46629
5966
37318
23920
16751
739
27100
22794
7494
12252
23725
27031
27557
34340
23881
16500
43861
12018
12005
46381
29779
12626
40843
38090
7152
2278
13126
45736
30477
10193
36347
39004
29137
1286
28868
48402
41190
14723
26076
1425
46979
8875
22746
636
40736
22484
10278
35616
9342
141
34629
23324
24503
16047
2148
2358
10184
20614
4624
45793
48629
9272
15895
33916
13431
17892
47749
24858
44063
8232
4016
26006
39923
49479
30526
35622
42471
45866
29744
24462
9140
49672
11900
20581
32596
37757
40139
31060
8607
23013
2553
1288
12364
22321
17932
35895
21136
2177
40111
1688
29583
38036
36995
41272
5287
12737
7546
5661
41698
47133
20342
3585
14159
15441
11647
46818
27003
16479
40104
48925
9719
16305
2193
15117
48762
3467
6766
24605
27390
35220
15953
16489
27759
12360
3716
32785
27705
11401
5973
5119
8327
31559
6029
45662
41820
41348
34696
9167
45585
25542
5000
17680
19764
45665
23786
21980
20562
43388
11112
10310
26183
17009
22648
49878
9069
8326
9480
27349
24642
39788
6026
36145
16140
40438
5451
39500
3974
10264
5992
762
44049
1531
5974
40845
40906
16935
17445
7336
33308
23830
18864
36723
14172
4768
21167
3736
15461
35778
37985
21686
19887
14364
34429
49057
45114
24275
31822
27999
42703
43775
5922
15290
24394
36229
10873
41526
27794
28878
41308
20632
47561
12790
9241
20049
13017
22907
36183
22862
23948
47328
10092
12912
47393
30009
42102
10664
26378
5063
45646
21569
36106
21588
17914
12264
32365
48984
27378
22892
36543
34878
24657
618
47295
31987
40001
30459
42952
24223
30231
39737
17951
30887
46475
39903
9054
38615
14168
21789
10885
20903
40095
19175
33826
20838
21383
26907
29802
14050
8357
13327
47931
28627
8747
34395
9234
5410
6480
47778
26706
25387
14877
33528
41981
36760
12032
49934
44359
42364
8762
42982
43324
19561
38133
5699
33867
14135
48417
46603
22351
27930
19917
32225
3725
16877
16718
26579
40792
39793
31172
36196
47842
40728
18590
8017
29514
18809
38292
30302
28959
8218
16859
41826
5065
45465
6368
5947
37124
1084
21084
42216
16339
21082
15712
35843
42505
3236
44105
6452
23603
24066
8477
38408
32274
46396
7479
49636
5997
45205
9277
40400
15986
47136
39755
37277
35291
44407
3079
30277
18366
26162
26766
48864
28811
21289
28773
4093
6352
41225
15589
15156
33936
38428
28664
24362
20829
25784
21043
23531
13653
44004
43396
9899
2469
21487
13982
30267
47565
1648
43475
3091
17427
38549
47642
9056
1264
38201
6497
1482
35325
38411
443
20726
12920
27820
31410
10248
49975
27450
11867
9552
2577
15039
25754
45236
49593
49496
47354
3431
33158
22199
8956
8698
27832
2110
38820
19727
43586
9055
17637
46915
9374
19358
48566
10459
19719
48307
24866
19577
34018
22243
16150
25658
45750
42733
9939
20810
1108
16228
48069
38557
12570
34405
19925
31475
1936
45678
48339
32869
19121
28728
7694
24139
32193
10771
8041
14781
34979
31921
2638
13784
41982
47261
24611
41651
47915
47422
6090
44062
25753
12222
33201
13205
39605
35522
30189
27872
34959
8682
31764
23206
14348
12978
46078
675
6725
46588
20386
49274
1593
40730
14544
27736
45056
1069
40806
2721
31021
197
43203
1112
47660
36599
18744
10640
32288
8291
17550
15451
38621
28166
42069
42746
8358
46351
26642
14454
3059
1561
4472
29610
9819
48058
9726
36473
37210
16208
45758
1507
30171
30870
12720
5758
17915
39696
4848
31652
29269
28138
28324
42340
21796
31534
43163
36625
49731
11901
48044
29931
21120
25185
38392
15501
1416
42684
33706
23688
41827
47894
5678
17383
2327
9213
373
18236
25161
6360
21155
20482
30757
27057
33529
39586
40058
5437
28436
30043
39036
1775
29108
45955
1014
28717
10692
11570
3267
20213
40649
17571
14666
9120
1199
13370
10446
40617
34701
30253
32577
23548
8881
18550
23808
44387
8392
15843
13041
17312
30172
49397
35801
12989
25878
25461
21711
7509
37396
7530
31297
48215
16411
25646
2397
8593
30022
12738
17039
17261
43947
14171
36547
39653
47644
15475
13056
29706
45004
42139
10343
18360
26662
3648
39326
31119
35645
47323
7324
35411
16243
2407
49407
25004
21286
32901
18840
7171
30001
45701
5653
29788
22047
15615
6968
5246
11793
3064
15952
43677
37863
16779
28532
39914
12574
10490
11991
24997
10875
35557
15358
27198
46951
48958
44789
8168
55
37510
14559
40448
4218
25163
5433
29025
33238
30348
4289
38752
37236
19747
12476
40339
35416
8811
40000
33108
18414
28715
34547
9918
40955
21699
1543
40107
28093
45494
7497
30495
34385
30538
35683
43096
358
31455
29465
36214
39892
16732
37388
26952
36714
31202
48607
42688
28352
28152
24736
47111
37500
5899
48806
13491
18478
35265
26774
30763
39248
48841
36814
37827
17165
33841
11255
8559
36166
44971
32310
21938
651
27919
37838
23674
5388
25219
14022
41786
7539
26846
15512
16891
35651
23379
27604
20319
7385
1070
13753
36718
19417
17421
16467
35361
48621
7834
41013
4698
3946
1473
13843
31318
22839
6592
46022
14695
48458
3751
3347
31701
39578
46872
23438
35763
16030
44523
45262
18453
15206
7054
47048
24342
30491
35757
22821
32789
24112
49783
13715
10652
39628
43186
16895
15145
36227
38956
5389
15215
17922
21263
40407
35811
25518
12704
9510
13564
34035
24795
16102
16026
49797
20909
26120
4237
30442
36866
26053
20666
27785
5361
40314
31594
48623
5823
14697
12809
22672
9468
43632
57
14814
17054
18989
48974
42499
18157
18863
34956
29497
24531
36968
4011
44025
2981
11062
22568
38609
41197
10088
28526
20091
13781
20451
46310
12927
4043
14450
15786
35474
49525
3306
40235
17730
25341
33562
16668
30137
33199
13274
20540
25335
38054
27525
44950
1613
15765
6890
49013
2918
29290
35852
32124
482
5833
36773
45868
21217
46556
31154
10629
9926
5894
15799
29836
21813
11996
42211
36361
42349
11009
13921
48515
24561
21804
23724
31642
40659
40872
28729
32448
10887
13699
34697
38665
27273
24749
32105
14320
5613
17753
29559
3010
9279
48487
33565
23340
30858
40060
39471
9306
11927
28262
38764
47575
28121
4891
33320
1308
15214
11497
39666
31668
46889
48027
9401
37341
7416
25554
30252
28686
2044
16365
24538
26633
33425
34443
10321
41224
47370
2512
25411
22320
30657
41372
3512
24694
26322
23125
29699
47939
22195
7849
43137
45946
509
39522
14362
36879
18123
15608
13808
9450
34748
36873
8063
43805
18999
6915
1546
49521
46925
44714
5329
43811
37929
49549
18100
19634
34926
13297
27935
7671
20172
34252
29426
43451
6993
15659
1442
23156
31957
21267
28299
13590
4870
19848
20224
46994
43614
39886
21960
45194
45358
10177
36870
13644
31358
14578
7207
29441
25054
8523
44134
30530
48062
2607
42549
21092
18491
11581
7952
36507
48373
45939
20787
7396
28170
46638
23007
37756
12166
45780
48606
25587
27716
2335
36194
3976
47699
18883
17570
12862
36037
43974
5794
42676
9307
22843
46648
9210
21685
41592
32967
4545
3568
37235
31771
20659
3327
48397
48597
36088
24502
36188
21166
10948
48845
42954
34304
19485
19473
17465
49719
39308
42637
26420
43909
39056
41537
38482
34267
27644
2882
9521
36458
11819
35770
37364
6804
32392
39873
2883
831
8752
14749
22176
10514
1930
38989
2437
33619
31751
43687
47251
46251
43757
20831
45254
46557
30278
8054
22073
19266
19276
41245
39658
26546
14054
23910
28565
49760
40566
702
9940
44899
21254
23345
26822
4268
37103
8947
24051
7399
30127
6640
44712
22965
43668
40743
28074
48332
33586
27433
25489
4042
10630
8471
43769
24146
16787
36034
13228
4950
7261
466
34894
38397
28069
16474
43383
40905
671
48389
16501
9754
10836
44423
1271
8979
29761
7214
14472
42234
49596
21401
30810
41403
49730
27302
42287
24357
25066
20421
42912
9581
48552
23031
33017
19961
4
17940
8917
13169
14034
34964
17287
38361
13114
17993
22169
15321
47166
16973
20845
3620
31432
42710
6530
20935
20941
2452
13498
12595
42681
18189
981
22312
45913
47615
28331
11149
10981
48426
38833
12395
33849
4818
2977
33512
30701
13497
3577
227
39278
23428
48115
21484
1606
41182
28280
21028
20436
19372
31298
35803
35638
49747
13181
38768
6486
32896
15323
36539
28066
35479
46673
12635
15711
32440
4051
41205
3178
13946
9489
31788
49698
49761
11598
3341
25950
12686
6823
30037
565
36207
38642
5560
29634
8150
15045
32639
22153
32813
31985
802
46838
31327
5409
13684
17203
6238
44581
26091
23756
5654
1672
42874
20819
40947
4231
3228
41891
48823
27118
24628
12468
42672
43233
6695
27012
34085
12256
40167
13827
30875
35584
9113
23856
28556
33190
45803
41090
7586
43975
46057
28371
41260
11437
48641
31680
18125
33
27216
27519
17062
26014
16148
30332
20908
4052
44411
30045
45985
19700
34741
36910
41214
37523
29091
27483
12888
36657
17307
21955
36334
43043
12211
26804
24210
16961
21837
39986
8164
37675
42470
41215
3960
27946
10925
10493
46765
17031
7371
1153
17040
1091
28832
32633
45796
45368
12658
43263
3161
10132
44014
14778
46721
906
21565
48682
41239
10259
9901
38735
44444
48936
31079
21340
2521
8701
34448
47928
11777
49164
17129
31960
8619
41745
3140
20897
49857
10024
29311
30939
5609
11407
3402
8708
25144
14835
26437
30090
20440
7692
48420
11643
22442
31275
28356
6583
48057
47510
13693
15637
9817
18162
15490
29284
45437
12346
1696
49860
10794
29362
40386
32000
11117
30318
31199
42016
15656
33227
20072
40336
5799
3959
38931
36083
39151
39285
23810
42252
44629
48563
22203
19483
5460
36708
6359
29737
38465
41115
6784
4112
8572
19825
20904
34521
42129
22904
31121
15225
38545
2886
18456
33493
15540
35106
5981
13696
12545
49429
10697
18383
47753
44713
32667
41898
17508
40774
42984
37098
4345
481
28024
41268
41948
6737
20161
15677
34350
38435
16721
32201
29974
11561
17982
45113
34260
33343
29754
49417
30446
49775
33609
33386
43641
26747
31144
7759
33408
23176
16985
19195
11095
49537
19411
42384
16190
34805
14084
37027
9416
41321
23242
6708
29881
24603
48415
85
36498
40166
18657
21904
6165
16676
5265
39052
23339
2836
10058
21157
34493
22623
15658
18673
21396
14739
44541
24559
8251
5549
725
16927
21144
48752
28561
19856
10049
43165
31484
15570
18002
26946
16841
35647
7734
41355
450
48981
26126
48692
1671
16256
47221
34027
10136
24495
28762
39180
9045
16651
1933
46856
39178
6419
42634
46225
6669
7811
1951
30666
38975
2599
30954
31506
46923
42431
6456
4258
3868
970
36136
9175
8926
3875
9434
592
45181
44120
26516
10505
13412
10576
41683
45122
29773
18079
6290
45792
35942
26123
892
40043
45046
22826
19775
32532
44943
15703
36419
11183
3170
2400
41327
39602
36462
11834
22256
39672
25543
34317
37837
45779
28310
40460
12935
47889
42456
10115
45193
17471
49127
25084
1774
39329
39618
48598
32355
13362
19803
27166
25430
14911
38250
18523
26744
20783
46792
686
47366
47118
20291
36526
24136
41787
9821
26598
26831
3673
40936
34556
19449
23850
8901
34165
45402
31443
46460
39911
47983
33492
33958
20254
21018
49827
24557
7344
13075
40475
20936
46237
36296
1643
44637
11916
49071
39475
32886
29957
17107
18338
3345
1885
24665
37828
13132
4208
20268
43194
18543
32451
18507
7464
18095
6686
18031
25307
16754
28808
42022
9136
29830
23112
26231
9237
11410
3298
2543
44669
37195
36315
13694
20929
10585
32832
3138
32184
39187
14007
8004
15495
43004
14112
16267
8145
585
28776
22561
39542
7609
8725
42624
26393
16425
49937
29786
49755
37896
17560
41702
29536
27369
16649
21971
15556
37567
45490
14051
39732
36396
27257
41233
4108
29963
45128
41357
2563
36447
27161
1353
16042
38091
29267
2093
34802
36711
35543
15631
8913
13503
32794
20951
4813
8204
10127
23264
5303
12208
33972
1496
40390
45476
796
42203
15913
20108
23815
33259
708
12775
20366
11099
20611
34091
11017
13634
26842
9824
4406
16832
9990
8010
13585
3337
23852
11502
49780
45744
37750
22287
7183
47694
47421
4119
12327
30956
45516
6156
10314
12304
15603
38743
20007
39457
21632
8469
25128
42168
42256
18047
32527
35068
25378
23407
38115
47112
39428
23123
1475
34511
12954
44389
39765
24990
43850
11291
48516
11371
22042
6624
42788
2725
27911
28327
33212
24318
22848
5278
21591
11419
21298
22456
26154
37898
22545
25347
5159
29388
32961
26505
49488
19983
15384
46436
7302
47337
16544
38567
11860
37987
5238
16725
38477
34980
35228
38046
33939
32143
21923
13748
22496
42164
11116
10893
27377
3539
22126
48145
17975
35217
612
34241
12707
17045
18439
25343
3444
29597
36960
7048
26439
5719
46433
44534
25845
40441
17828
34902
24181
39352
4056
17586
12192
32154
1683
19333
9284
23557
23966
1827
32561
503
25700
5283
47680
20786
32576
15287
14530
48117
19851
43774
24168
44050
30941
38056
12553
40399
12733
24963
25868
39401
47579
7762
41761
29185
42686
11833
39667
44923
18810
24441
32624
9348
27865
29520
38083
32735
7781
38806
46586
26225
5499
43183
26089
33350
16118
17033
2381
33254
24468
24085
46957
12075
10495
9570
15732
37746
3152
29943
23899
31036
34904
1790
32898
31053
30388
38933
30748
40866
16482
49133
42759
18499
25314
8448
20687
41892
3548
22466
19292
20355
9393
41258
2027
24511
36989
5606
121
27895
10223
39869
19667
37506
20998
47950
23946
5150
7528
18862
40040
6478
11411
17638
28682
22653
18660
14963
27422
1555
18451
38097
47462
27013
34794
48330
26300
15486
31469
40692
4861
11468
47382
43237
9791
25367
9816
5318
34122
32461
41161
22478
34295
30894
29853
31613
42495
30823
31264
8822
37346
11348
41942
43152
10997
4031
16707
11544
28316
12479
35868
7105
39068
31980
36800
10016
17497
10207
45782
15590
10159
45064
2939
34845
33757
9749
15869
21708
24384
26233
20251
21868
10441
10035
7627
41172
218
42799
6711
8497
40588
35653
7377
13070
10195
23973
39469
36690
24572
20789
13927
19360
7948
44169
35462
923
47064
5332
40358
28182
46505
29054
21629
14810
28012
49080
9406
25446
24045
34026
40911
46644
20636
7104
41463
33376
19111
19939
30324
47828
18783
18090
7983
48620
31232
8348
28534
44073
24063
33380
38466
17699
31376
17126
18154
49966
46071
12610
23813
47852
6245
17713
46079
12394
36243
39124
30268
7252
2450
13853
7845
18636
43514
39960
20774
21488
43425
1031
39377
38974
9031
2365
45725
32966
5147
29781
19216
39681
41000
23690
44323
4684
35728
2753
8101
30611
1479
8380
31400
49106
6181
44703
12058
8234
23657
14708
40022
27277
33759
46497
23454
2801
30123
8306
43910
26956
35975
41943
45334
6638
12323
38538
25100
45104
5348
35693
38052
45455
36767
47358
16845
42228
9128
30918
31278
41734
5057
1381
25404
15614
27163
38816
7823
9296
616
14568
1402
4256
8693
20596
48668
29993
33718
18199
4495
44005
6666
24197
26570
22397
25900
11621
8406
11715
47503
10699
11599
44200
10779
42486
41276
17088
12654
11743
38130
3525
34233
31726
643
5160
49647
27107
12332
2298
3671
18516
42709
17341
14821
12966
45529
46842
8889
14431
13852
39600
42650
13731
23888
46959
41314
46672
38977
32520
25366
40939
5262
29811
37251
2053
1293
9469
47424
30414
21183
1012
22996
49384
14190
9082
12377
6332
23348
49178
46879
23368
46934
41255
40690
49105
18693
9225
24074
28656
38032
22783
22430
3837
8296
2268
25181
47750
428
15043
9398
35293
49960
13192
42940
20724
36575
33187
39072
6450
47899
24003
29090
36932
21116
27815
5574
46039
16915
38020
44507
4901
48820
48594
29011
42379
12059
26427
10793
41629
43380
26314
28110
40483
29038
16469
23051
10830
23131
48076
10363
40987
33467
13393
8444
24520
16296
14854
42654
33615
46357
34063
20229
36497
40510
39412
33877
8812
30351
6534
31253
30408
24351
36943
44076
33923
20266
10445
8034
29695
37774
37091
6422
6442
25420
44432
539
38444
903
42023
29642
20507
30141
2987
9910
38878
49113
22779
28706
22731
30678
29513
4064
8020
42639
31671
4492
42015
41474
19811
26880
13897
1256
6955
45138
49102
37915
31276
34797
46013
10589
26609
49591
1854
19549
40117
27846
20489
4579
8815
11450
23356
14916
7147
16662
37084
25669
36952
39136
25180
14296
34566
17369
25953
26713
35635
38955
2780
18719
32537
24323
41396
27857
7411
15182
16916
7426
5957
37511
30392
27295
1135
14802
45412
8194
2080
41438
41306
25991
35835
28616
44952
3406
30751
42105
37608
15688
43255
15503
20912
30962
35806
28921
33625
42302
24287
27689
28421
6163
49482
21142
27196
27064
11929
8971
6706
48340
44307
43565
45996
38843
15212
27526
47764
7949
25717
49353
23200
7192
27080
14331
45928
16064
15359
44626
27968
4490
9960
39491
2633
20817
17775
44718
7342
28441
38171
46233
38904
920
1215
35800
22004
11995
659
47293
18149
16249
49242
9750
1452
49447
17199
17362
38271
14266
45083
570
47848
15665
27965
11584
34987
1400
29635
46969
15195
4838
39190
32024
14044
45137
14371
9556
40283
13705
49072
26019
4408
47789
41862
39698
6226
3085
25663
4387
14259
41309
12159
34726
34407
31325
35625
13004
19616
17561
15884
6976
11924
40636
21342
30755
47798
26155
11002
11253
49365
41034
11981
35252
45328
46157
5489
1604
31286
47765
49689
3608
2533
9270
24360
20047
45666
26585
12101
25257
1437
37271
38279
1736
33202
36838
6899
3992
14979
40735
11119
39077
34976
2843
1025
18035
47677
20797
2963
33865
16896
9007
81
30105
15720
40225
23453
22876
40734
48761
5918
32091
38626
8372
31899
28085
17621
15888
16028
29395
20171
44396
2959
27442
18212
46204
10882
38510
46698
28128
6172
30139
34628
36824
36554
48490
18244
20403
32473
47895
34077
41902
40402
27837
35510
8565
6567
4607
37222
31182
46903
39752
19338
9735
39021
23432
4577
840
33799
18447
47740
32455
22711
3355
25914
31857
43855
38980
2884
26648
38947
5986
17684
39490
21642
23188
32478
4211
43522
13980
8562
12893
27552
16001
38176
39583
34681
23744
6084
33660
26449
35164
6597
1858
23592
1545
8570
32932
49539
38938
8340
14483
24899
33146
11323
32626
43726
11070
30574
580
48685
34771
3741
3177
24645
38285
31870
22270
26221
12434
1518
38823
29328
36975
35375
3774
28118
45921
11072
17551
41261
29693
26646
13368
14405
2730
21664
2501
3310
23222
14985
35664
4030
6176
49201
39406
29506
7310
24164
9291
47543
2905
20325
15579
47040
33980
9448
30783
25755
29871
38807
1710
20837
46571
4733
40391
19624
27998
30653
12951
33026
48893
16702
2675
28351
16090
37561
22437
8524
9970
32933
46582
30806
42577
18968
9972
8230
11943
11296
25533
1616
24660
13416
24193
26398
13321
2091
14288
10123
25006
49345
6940
49241
6740
5710
48299
35776
1143
44801
8173
29463
46507
29599
31143
49685
46291
31040
472
32349
25710
43460
13141
43042
31351
33685
20125
14748
34765
19913
26988
47896
4123
17712
32644
26012
8355
9501
22427
9148
3667
39713
10662
14486
28945
24835
47299
13247
23682
1487
24889
10603
43303
41424
40552
36365
26189
34585
27920
7109
45287
48346
41362
20832
7028
31737
38585
46127
22663
29859
26280
23526
48995
4923
18420
33362
43156
4717
27320
35507
36597
16737
34119
36060
46858
39563
25514
7197
49438
8730
20742
28718
41174
6032
18181
45257
46011
45620
38829
41732
26469
13359
44807
17628
9540
28464
30197
18832
16545
3734
10211
21704
20490
32352
45594
126
5738
1620
28772
35321
28767
13178
8051
19261
89
42862
16096
13629
30680
2058
7698
44034
21221
11764
33533
34872
25860
22853
43873
46288
45330
47703
5403
10141
18708
134
5468
28562
23545
49569
24489
5715
45885
5581
47089
14653
38747
16319
27078
44301
32972
45298
9613
37889
33339
21253
2386
7710
32173
32799
30050
5144
19795
20714
38236
43697
49031
11913
7928
919
29636
14566
41589
17521
7754
8321
26722
19456
16384
18175
18853
487
40278
44761
22348
23130
19574
1193
18345
26872
8945
38688
14370
12655
20096
27885
45342
26356
19188
23424
14664
18800
23576
38916
44835
25242
733
23364
24412
21544
37154
12835
3062
11393
35518
44230
25539
23968
3340
321
22472
47465
48932
48879
46769
9180
32259
49183
16626
26798
22550
18274
34943
29550
49714
4581
10588
43368
31673
513
16704
37857
24038
1749
20857
44084
14079
10443
21665
13584
29088
32001
43118
25726
42381
21496
11878
3105
48331
32734
25082
35953
14700
9651
28862
3376
6425
41449
15397
4903
25720
4532
34224
44594
28485
28209
28181
37585
27314
658
15279
32875
25101
44446
1106
48688
12859
34363
49470
34869
2708
20882
43620
11567
46162
18247
392
33368
2564
34716
8147
40196
209
46306
14656
20835
26569
48783
2937
12024
48022
33869
21013
17694
16716
8818
21718
20933
24817
43660
25262
14231
26540
5506
17909
21206
46445
37410
7423
5392
43221
15221
30660
11971
47352
35784
31947
13950
43355
37665
38427
36919
48450
34654
25808
17347
11194
15642
24816
11677
23534
799
21713
5915
7527
45569
3602
9631
9994
22375
32386
7911
2164
41532
3934
23000
2765
20928
13024
18260
44316
34942
25975
28958
2066
15078
8623
15026
5178
7512
26443
27934
7753
30903
23106
27106
13283
38405
38797
70
36327
41310
46468
41203
44241
48497
7786
44008
20381
42478
28353
41345
28941
6150
35393
25492
30285
27908
46404
7542
47079
40923
46683
16736
8537
11942
8341
46992
9037
24403
27960
6505
48664
44529
28738
8065
3213
42552
46794
44820
39
17013
37244
34601
5155
6074
42166
33672
34921
38478
14243
3506
24880
23902
3856
14528
17919
35399
10799
30606
23940
6675
18230
22678
19732
22019
1985
17747
49172
47759
49358
34682
5980
31684
18722
20334
22012
36394
40686
16481
30122
35078
9426
44633
5954
8709
36604
669
21276
22534
45423
28155
21974
16757
42240
45305
24961
21594
37023
13263
12321
39894
1655
23220
13841
8379
27219
45300
37939
8652
20922
19335
47236
7708
26161
8829
4561
47698
47489
11717
19516
30118
21700
33237
36489
35368
32968
5122
48536
21540
13747
49193
30429
47160
38984
43712
1257
45374
32292
49563
45676
37847
3689
4397
34175
37267
29531
19275
28440
41164
9862
36043
41694
26931
42739
28018
27040
17896
9959
49904
11957
48840
6183
18064
11064
38870
3900
43581
16470
49947
26906
473
47028
23334
15775
8590
36860
8869
26366
43054
27115
12917
13909
30496
32246
13997
1844
45599
1988
31081
27904
31525
36156
10230
1454
35289
40641
29096
34931
32159
39397
11336
25168
21539
42897
29704
14335
38908
44509
9502
46095
23943
36947
4346
28046
9247
36464
48137
27997
10659
42207
25439
17518
8060
29891
46780
13835
20284
33489
32341
29400
11753
42219
7429
376
7993
6992
34533
43157
8835
34782
26506
47345
34751
48521
41710
24732
22960
36874
22419
10022
33286
34189
33913
37501
39969
46362
37731
23110
20215
27101
44871
11272
31603
33418
14650
6070
12493
27201
44644
8999
25119
5627
43834
768
7574
26621
15047
2807
10119
31474
18901
928
6757
15820
25593
49046
28043
20133
15818
13864
40053
22182
168
13010
26590
4726
29067
2794
43114
34587
36544
14864
24276
49350
34353
29425
22097
21303
32334
22683
33066
31716
49362
25602
1978
28514
43168
39449
17278
21724
24941
6329
48186
5687
29750
11173
38231
40105
2654
10356
49832
37145
16450
36862
24364
36328
12205
21450
23896
12121
21417
17588
23183
32213
49648
3157
28580
4190
24263
49501
29330
2826
3599
4332
39422
20966
13155
26252
1635
33922
5406
13266
11926
10280
28984
7056
25379
5768
39946
8830
30006
42084
14379
40369
31198
4580
1626
13542
8179
47822
31222
40991
27634
44785
1318
22269
38282
10782
5272
607
274
23550
16315
11511
42353
5921
14800
7637
7725
1805
9587
30765
44148
45608
41552
49100
13708
1730
29271
44114
6485
33569
4708
34938
37840
43929
33104
22763
8959
39466
637
49042
31834
38703
37390
17254
5186
14344
2000
19405
11354
47390
8823
14132
29308
9716
35250
49967
6199
31674
22772
31024
8460
37484
7701
42632
2799
20074
29528
40812
237
33138
25445
29420
3286
39593
29411
11531
13800
39547
24314
45025
28446
17403
25429
45593
11933
31022
6052
11368
38243
31234
33566
13656
45831
3277
2764
19648
32688
45237
29429
21165
26490
23377
38222
6272
41550
37021
7914
45172
43417
39470
26172
10878
44522
13490
29592
17849
10940
35050
42268
48533
26727
42225
20221
12906
27415
18948
43178
2442
12088
33780
2021
47978
34023
43461
10296
40870
28412
40576
21908
22448
35075
26350
15542
32915
30930
44524
5285
43412
7005
20338
1998
32047
32301
30772
49995
36138
1832
43904
31734
40720
7227
25399
13401
45414
21333
5320
32099
38653
10501
32005
32117
29151
30759
6929
36367
3149
15259
40146
21050
24162
15582
215
33348
48933
38782
4520
2425
28276
23993
39835
24025
9383
29962
2190
37961
45580
42276
45392
13604
27805
47920
21172
23656
8521
27727
46637
11974
10558
10618
36021
29615
12072
48045
36079
39589
22259
2497
922
47936
45822
33305
7278
1646
30161
44213
26038
20927
657
2573
21799
7508
49422
47773
12079
28103
16914
10276
14178
43141
7898
40061
8336
31415
28818
16564
21500
20952
43954
37150
13655
27193
37732
44621
8538
42358
36671
32087
27272
15097
29663
28751
10773
3454
32106
32452
32298
19934
30445
44869
43470
17163
20105
3991
21861
20732
24228
37960
46993
48371
26622
17950
7791
4842
33675
21418
31283
42009
22148
33184
21840
49270
40454
40699
46454
2616
34848
34962
46344
9573
7438
25992
31923
17357
47912
9500
19493
35722
42414
10151
31178
6161
13866
39079
19388
27491
18870
23511
34509
9278
3476
44826
7367
32372
19014
3670
21951
47547
26094
21572
28732
35867
27327
18000
6078
20950
18218
39527
19300
30596
7401
46471
14121
34259
35332
5372
23853
40263
34139
5788
21669
34355
20846
22586
30217
34935
4582
26900
22993
4474
34262
29735
17815
21721
15148
20880
26844
12378
27549
23608
8727
34204
48133
39862
45990
34925
48530
12987
42524
19933
38114
40571
19464
4457
8732
25019
38727
20893
35688
10838
25047
19544
7004
2280
14173
26073
13081
17921
25249
28515
33074
25765
11086
3354
23783
27836
43843
3495
32597
34073
16764
43698
37260
435
6145
14715
8957
6105
1983
7293
28558
5132
29291
36341
39340
30224
18683
46576
47308
6077
38639
3861
10138
42173
2135
48723
48256
26236
23706
25744
16573
47804
32965
27870
6465
35064
45816
38529
6379
26416
1105
11068
3063
42673
46759
25129
24012
23746
15293
33735
3155
14092
7838
47534
43022
29522
13700
8749
10802
12799
35278
45973
19535
17187
43260
26405
41536
31132
48502
42761
38632
23475
88
601
11227
12384
17451
13817
9793
34207
8386
10572
40071
17284
14368
26746
8707
38359
140
18837
12593
30025
14013
27518
16010
45051
1078
29466
38199
44069
48729
4606
9194
7662
30040
24635
49085
33381
3379
43561
38950
16293
46271
5029
43394
1165
42382
16401
11041
1711
20460
31282
7093
13795
10907
20058
6793
49152
7035
16082
42
48799
29319
11622
39742
4925
16110
47250
48021
21875
7185
48242
18820
39008
2699
20359
11352
33516
42461
33629
36492
18305
22054
22453
10426
6548
2211
4300
36491
8620
17041
40600
47732
9012
24516
47412
11639
8492
16308
22388
44081
40451
22026
49917
5626
44209
30944
33959
7108
26500
38988
4666
12747
13911
22675
45460
44856
11751
26534
45698
25485
24580
20107
42504
27829
45960
2109
49664
37007
44420
43750
36524
37380
6893
16475
6978
4033
20474
21132
48643
15418
13787
39473
21853
46149
45269
44997
5219
22231
48848
31391
14533
19199
2440
34822
46171
12292
42696
42245
22863
12959
6341
12598
41791
1892
41945
19069
46218
33472
24448
9318
19408
31088
15338
33957
19098
26319
9629
2351
30940
36835
22144
24272
32738
39140
17229
40496
30594
46702
38048
46727
44140
4430
2428
8915
11423
39390
17103
44766
3117
47138
18945
33541
11295
28593
35755
10124
16809
44290
18254
43342
42609
4965
29935
28476
22254
9693
31922
29542
5908
29112
6307
38564
44687
40299
20292
6170
49725
11175
2406
12200
6407
35378
9185
28175
13875
23919
34808
30376
195
44614
2329
23703
14675
12276
40274
9598
12562
32651
48335
3246
25632
10694
9752
24390
31797
4872
32573
49881
40050
38506
13330
17767
9779
29247
36398
46606
27004
32893
2925
49662
3168
33239
38617
12772
18860
3053
19748
31269
27721
46996
20589
14403
46466
36298
32109
28059
39369
16422
24727
42578
40255
20940
15109
43328
8820
41890
47992
47173
2593
11949
37661
7769
10553
4619
26828
11374
28362
44354
15300
44470
15606
18153
48708
2759
41926
24255
9004
42921
15640
46459
921
8269
36987
31315
33743
46724
11414
35336
1233
18537
24625
42212
14469
28542
5881
25030
20332
23029
47906
1746
46501
20414
40216
26932
34225
22322
19556
28419
12936
32861
6528
32630
43640
25886
1065
13882
25824
15525
49014
11969
16712
16761
3516
16762
44263
24831
39884
24875
21937
36064
1536
38071
42955
23315
34958
8201
47407
18385
49886
13064
27996
21696
47487
40570
40759
2806
6594
7041
17779
12443
39825
23239
24123
22414
18272
26146
41534
39890
42605
23695
7270
27993
45060
18558
47241
45319
6291
47775
24422
23119
35454
31558
36098
39176
14881
6882
24005
11555
3500
28742
12586
49536
34379
18625
32606
41251
20595
31059
21705
3487
257
26165
32268
14166
39641
36226
28813
24836
17780
29602
45382
11238
45232
48096
16958
9815
10934
37192
12619
38197
19259
25040
43376
2677
39104
42090
23606
9876
34170
15698
21753
38751
24429
9520
10753
6458
17167
16298
3600
49136
2532
49339
7356
5420
26192
532
1884
13678
11379
41625
27397
6001
5290
11382
22798
19008
25256
35959
18234
33116
35610
24937
21353
40127
26999
22344
45631
36985
3011
317
28914
25511
20881
45827
47470
40889
17985
10657
29920
44787
36390
41821
29036
3916
26786
25938
36902
3264
9920
44248
7358
2275
25089
36125
42298
30307
9782
18740
17439
43777
42850
21362
45044
38903
17764
6045
18830
29691
28337
40940
16822
38074
36986
25685
24664
18382
1043
17335
3677
1535
10764
14556
18313
22803
47624
32916
23553
39257
161
48111
37958
1312
9965
9110
22369
14457
6796
26074
14029
23316
28496
32793
41082
6809
22102
19964
34402
46498
23177
47431
27958
18113
48619
19013
4263
418
15106
41376
39467
2480
6436
1430
19327
35930
40106
36339
2168
5557
47199
12584
10615
29048
45630
15110
24766
24711
35526
34910
28495
42378
39091
49179
13856
35594
46530
49256
22954
42585
46990
42956
38953
7842
2601
44616
41186
32931
3680
8726
6982
16646
42465
2997
46250
33307
34593
1877
16252
16980
5104
41088
35167
9953
1147
7966
32770
13981
16565
9797
15719
33731
49740
39934
1513
30565
25724
6911
17917
19622
37701
15099
9064
35946
56
41410
21970
25621
18122
6717
37474
42325
38587
29357
28684
18835
38677
7638
35245
9983
34215
18586
41144
26704
13357
48443
2802
37246
29948
32312
14702
16091
295
25140
24973
15058
1077
32495
40679
31747
158
23469
35871
23974
49707
25714
13076
24396
18548
41195
10466
20575
11092
30094
1997
27800
38028
44480
33856
13026
6381
10868
36603
36632
10728
19958
33435
22785
46591
27901
20975
13735
47233
444
29097
11145
4135
23670
4302
3830
15544
33180
9801
38817
13313
20189
42494
17170
15524
22002
46645
33847
15033
37876
19784
48882
28189
12478
22141
35481
47649
34410
15902
40219
16749
4500
12116
4890
37160
37724
30160
49376
13200
16013
9796
38636
28232
21790
19744
47384
32907
3135
11963
49614
40181
31353
27698
24404
41301
37030
11069
22157
45833
37230
45536
40754
21820
45576
5457
3755
36383
34400
4342
46254
47495
35063
8042
27708
35442
1356
25680
18751
49683
30263
2550
8086
5295
24019
43686
34512
18702
24851
33641
6107
30117
35637
44874
35797
33667
15420
28149
15728
7130
39454
13677
40924
40233
48166
15452
43322
8571
31057
16658
29280
27864
34121
731
41896
31316
24985
23077
31696
47492
30222
48957
30397
30149
12029
40208
4320
30636
38776
9372
48175
24757
47583
27835
22840
28512
23955
302
30702
6099
43128
27285
30269
4730
35671
6388
22950
32061
11965
9505
32700
3271
31168
48244
2283
10019
49530
34084
20322
19236
9413
6559
24301
20834
16969
47197
17434
26072
14673
20201
7410
10316
10390
7027
13844
28380
24905
15762
14090
17788
45553
40465
11919
41073
21683
23483
22900
30472
25966
34778
25649
47722
44897
171
5494
40800
16893
37381
29641
12894
32850
11568
21068
47538
1541
8157
16017
10391
37908
11994
29051
47305
35132
8729
948
49228
10860
24582
18752
40742
27923
4376
44397
23912
41579
30077
25520
6493
12682
30342
15914
45875
23605
29914
14898
49044
26602
12092
38526
20741
8111
4266
18678
35134
30984
28148
12374
19382
16461
4207
40524
2696
16382
14193
2702
2413
24192
32428
46316
28021
31521
47452
16333
27269
35140
7611
26898
43359
8169
45948
12455
10483
2347
48020
7600
22475
22036
15129
48257
4177
1390
20467
43897
38505
12301
46317
12958
47478
40808
38728
49029
10156
9127
15568
14516
37686
10569
47161
11325
36241
5673
35500
26611
40020
42961
41974
48432
19985
18674
18944
6220
12447
33111
16785
21720
16345
35879
11608
47359
20957
44765
8045
28857
40287
20607
10038
6347
48125
12807
16472
43427
37289
40613
4832
30287
37860
31460
27538
20526
11209
21194
45401
9030
43900
18176
46796
49561
42210
32329
14641
6467
15743
8443
22187
16673
10600
45552
19988
6423
38520
26595
10484
20827
49148
36372
46977
14106
47016
33931
39893
28378
16380
16953
33364
6254
21874
43249
42647
48661
5862
12913
12012
6817
4046
36915
44461
1100
12369
21046
11895
12556
26792
28087
3423
1314
40717
1808
26594
19984
35166
45540
36075
13288
38100
11007
35550
28071
24169
43700
10468
8872
29460
14735
45765
46961
12299
42176
37200
22179
3988
7826
17665
21017
32175
19330
38174
36071
19759
44940
13645
15233
7855
19550
15266
20850
6499
20434
47190
9181
26408
12932
45065
23610
39967
45753
41913
1821
22433
34542
46409
12457
16135
17321
27966
22150
26025
23355
37928
10245
18904
25508
22627
28355
1366
35892
38082
35926
32303
41642
10113
36329
40646
16349
4972
27008
31065
39778
41799
46248
44733
43013
4530
28557
26299
10758
37321
22389
46167
4528
8908
29838
7062
4279
42822
30862
13665
40718
28665
32275
34691
21354
36679
1811
11084
21368
32417
5952
41231
31794
30295
18653
17893
8615
2281
41646
10499
21469
20371
4392
43284
35476
44661
11246
34898
47288
8206
14328
37504
1019
5877
38290
34194
9647
19518
5764
38857
19798
19829
13723
33047
17509
15626
28490
39105
48580
13838
13058
7073
41983
7976
39053
18652
10863
6610
37082
12823
30038
27018
17339
36702
5142
5022
21744
26617
35542
13850
39569
20721
14467
42347
28176
23135
24857
10796
4517
11453
7269
5424
46983
47604
4858
4463
28141
47355
28845
18017
3967
8734
15133
36259
10227
49022
13580
28874
33460
46329
16769
41011
37952
15981
24542
864
11091
42502
43129
15449
37376
42658
6605
1590
41869
18506
34705
12149
30201
41733
1171
5289
18278
16142
16885
20535
43301
43458
17385
45838
17016
25275
12522
2203
39545
38856
41894
18393
30230
16112
26106
18513
20067
10026
15235
14858
24719
43348
44671
49804
43109
18873
29339
11997
7555
18282
30114
35129
49550
14669
13067
13525
27480
29214
12342
10269
5079
22626
47721
32248
32033
12566
3836
23081
25683
2004
37719
43154
5453
26941
31864
25001
6042
7804
23136
363
1538
7962
11928
25884
49142
7437
42878
7536
25954
42816
24381
49668
32691
7348
4784
11530
18663
30056
30384
37250
40849
13576
20267
6619
120
13165
8655
13512
16235
25075
18020
4758
5838
16185
21332
4004
38184
47282
12409
31197
35002
47502
15070
11040
7080
11827
8967
34753
10001
7977
30281
20685
154
12431
30850
46548
40365
15833
49074
2382
21825
34457
2167
5528
47671
837
30404
16887
37804
12669
8746
18422
38136
11172
7583
28599
48954
20387
5704
43990
23996
21227
29879
9044
7220
32666
20080
36562
23163
32462
11412
10031
14900
31994
10682
44129
14306
10192
35633
48829
32780
12955
629
19232
18110
28875
13790
5546
10650
5805
21476
8185
25867
46634
18723
2648
17298
45872
13226
42563
44253
37440
26894
2831
34331
8591
32111
3614
18986
26600
5519
49124
40097
44512
4306
21314
16394
45417
219
9330
23727
22956
36039
6011
22481
37676
1250
46439
16726
42508
14170
47898
48144
49388
25498
33944
4438
7560
9376
33438
46366
36777
44358
24006
15168
15248
31156
42527
12183
11871
1757
42791
17272
48814
6791
26041
16825
37697
12294
45295
31774
41096
2956
25238
20406
2762
27533
44203
33124
42692
19450
38276
39150
31437
29570
5456
4418
37313
53
45847
35379
48369
41006
32782
7468
16364
15632
18164
6714
33792
14284
29211
47723
32637
16195
32232
40867
25199
11549
29645
40961
14067
16750
24596
35961
11487
16493
41171
28008
48436
22158
2496
41047
25604
38692
3080
17023
44089
38978
32925
22584
4613
21703
20905
35820
2102
22869
29156
15107
2306
11609
35817
34162
41057
21097
44007
985
11362
21200
12827
41330
7253
41813
43612
9984
47070
39626
39727
29100
22341
26981
7107
5886
39526
41940
8033
15601
31039
49615
1571
30474
28478
32621
11160
11863
42892
19081
46752
17317
44717
5123
24307
2392
33782
36236
18736
8235
36912
4549
30315
559
12629
31740
5746
11704
14953
34256
48677
29571
10574
45842
37392
35599
16354
24426
8944
18778
28314
43827
46060
10378
14892
43516
18836
17354
23937
3902
35617
9371
29808
20397
13998
42368
22984
11405
5163
13597
43976
48232
34280
19907
18121
31888
10611
9363
22331
22161
47096
283
29193
45942
3427
14409
11941
23779
26536
16988
7607
33382
30838
4847
25192
21807
46942
38940
37880
1732
15891
42119
29033
30187
2251
10018
16210
32021
45489
15326
32130
43613
44683
11214
47688
36308
13783
20261
18028
41028
12752
41796
49829
12164
48794
39334
31446
5345
19631
36119
47479
19249
33452
12918
12789
40740
15892
13256
26297
6676
21922
45728
47578
35232
23251
48293
29609
11036
14418
20010
25063
38416
6512
39044
36535
30711
15243
24771
38532
9517
38783
1697
20455
43146
32044
3706
32880
8760
27323
45146
24082
35243
32727
39548
8280
18219
6903
9490
25426
17761
31272
16108
37554
44555
5725
12325
47237
6124
32094
11260
2651
28903
26220
4140
7544
16641
35853
2302
42958
20320
6736
35992
42924
32521
49112
15192
5888
43870
24219
6273
19642
23033
25705
10005
45998
16982
11923
29596
10817
17239
18855
6602
47735
19960
206
27740
49173
36929
9543
41689
14011
24668
34541
26666
46836
6454
12223
14853
44753
22937
47418
35740
30995
33536
24000
21193
32069
33222
33480
44991
23574
40608
36930
19051
8660
48015
35480
268
4703
4754
14521
3797
29619
3466
16615
19243
590
7721
20579
41705
21110
47966
46950
13194
13724
15936
46529
6336
33648
34951
46177
47353
17514
20056
20445
42152
5530
6917
3362
49911
38495
2422
23215
4837
18622
21321
49121
42671
189
15595
7052
8220
47234
21147
7285
46028
19896
33204
16524
4339
19683
48290
23644
24678
32582
28912
40700
22149
43225
13966
22906
32566
7525
48383
14761
6481
35954
11475
26753
32990
18270
43395
7132
19884
8300
44425
34969
7533
39541
35009
26944
43826
25145
44150
25869
9890
42787
13400
35666
25628
5221
8266
15602
45079
22697
11148
22070
46799
45746
23073
11168
36626
44309
21249
28471
11560
44894
38625
34963
10823
15144
12622
36258
11268
1026
5015
39729
45316
35840
43073
17366
26308
29621
8851
35247
39716
29732
36998
48264
9681
31582
38687
37040
26341
15496
34288
5366
12008
28510
45351
43963
17070
25448
17012
17544
22999
13622
23086
47327
31777
41053
42904
42007
26850
10872
25776
21834
23662
8599
45198
7967
7145
20009
6322
18982
28633
28524
32279
49412
27992
21788
33029
48378
49618
22311
49541
27197
21410
13109
28124
924
15746
47652
49098
40128
15641
5594
46913
49520
38837
6112
35190
7447
3719
36681
23801
19926
29796
13673
6472
32407
21278
45141
24921
3913
14267
21042
43988
23613
39353
31030
45418
18240
48149
35708
36114
3923
33037
43294
30336
2511
15007
43526
23068
30733
23537
47067
34136
16516
18566
17783
529
10906
36168
23164
13345
47885
27350
43917
44896
44890
33710
8106
20699
28579
12214
48574
46206
48429
46538
33949
47792
43457
24072
35436
47225
20528
25870
5648
22860
9555
11469
34096
39827
7020
30120
5631
41141
33352
9143
26974
36766
15416
2544
13031
816
18416
16715
15307
43212
34481
2288
10050
47607
3418
44772
9738
46801
39606
45035
12632
13380
30216
6429
7980
20153
8821
17281
5317
14410
16020
41465
15958
38450
5949
48192
17217
15142
35753
25568
47944
10506
7901
22253
49437
32194
19137
1802
3996
2958
4311
30612
37823
21272
7933
31993
18651
48298
48001
9558
22309
38556
15430
4039
33513
43670
21504
27154
39879
9015
36899
40640
42568
23280
29842
25620
31544
30258
38194
30872
710
29991
9263
17598
22328
31649
13523
27204
21109
26806
14741
45799
36848
34477
23088
15335
18251
37552
26178
25559
147
38350
17438
29818
31573
23269
1902
3863
24356
39126
33446
40293
34248
18147
23652
10743
33063
43090
9882
30899
36583
8129
30458
39010
24828
6262
7874
6390
3020
7709
37002
28855
12189
32394
40612
19161
11699
6972
20800
23549
14975
14213
20438
538
48381
14357
27504
346
674
29133
23025
37951
28031
23626
3768
8817
3731
44670
33852
48050
5038
44338
49162
21343
8127
17318
41273
20580
23441
40897
18308
48377
47130
14888
6212
2159
16706
11680
32786
20550
43275
13079
42350
38455
34830
20354
49767
15474
23789
25577
43567
14097
13088
12288
14901
21389
23985
27565
48422
2703
42554
48090
24951
36074
8382
49713
19316
26858
37495
35829
18635
44019
25162
26271
32457
29405
41269
33289
40147
23999
2754
37013
40784
21916
10892
46353
23627
14212
10335
49087
47437
4815
22570
48528
42594
38968
19592
49749
32123
18995
4707
14137
492
21074
33276
12667
44542
6103
30902
13725
34214
30158
42182
8905
32523
2834
36306
37767
18579
8426
24738
48717
25741
37147
49992
7167
42981
13122
20750
2864
15564
36032
32421
27761
16139
20981
25209
30380
33724
6177
34195
7700
15247
17535
38251
21984
3705
33976
11517
38749
20333
8495
6525
33224
37294
23646
6828
25613
9470
45090
39746
2786
32090
24044
48790
36418
30946
39128
3848
34120
44752
30032
6405
26942
31061
9755
15655
17705
6620
2941
49008
17017
16369
27961
13438
16323
36703
2274
2101
25708
44046
12601
42750
48424
42792
29412
16265
35170
2778
29345
20884
24931
25338
13325
20015
28640
49507
43430
38485
30929
19637
29016
31984
11551
25829
27773
13674
24440
41609
43197
26575
4384
5876
30676
19190
2757
24310
17270
40910
8064
4009
10766
21473
21654
23538
44487
4641
15179
32465
42044
32437
43892
31695
21953
35409
48939
5821
41492
29024
8534
49405
33294
28506
42053
37935
20586
5853
27936
8200
27401
496
7341
24897
19889
31177
19075
14155
22507
7841
48857
25768
47482
17150
8136
35949
2041
48246
42760
29949
12970
20044
17758
48093
35764
48173
156
34417
45506
29167
18355
13246
26567
5759
44260
20668
33437
28312
3980
12016
40864
38110
3485
48977
42231
740
7172
5321
47208
22899
16520
45144
3637
39982
14972
15472
13103
3850
21251
28195
28626
35218
23659
5529
836
33601
36781
11508
44314
5575
47450
19861
26743
45375
11615
33354
2888
6064
3316
35667
1737
14764
14138
47329
14075
10340
30563
29595
27554
37242
47951
839
27974
31596
45221
20743
2570
31389
44419
6168
28756
14356
6721
42489
16426
36900
8690
398
28930
47537
3363
31445
37369
48351
25957
1624
26389
48479
37011
27188
5143
7862
1868
7511
40644
3445
14828
23349
35515
45336
23328
44691
31117
48438
28848
12731
20026
41903
18369
48928
39289
29474
20139
34043
11490
5965
2695
42012
13895
40790
19215
26440
33732
24014
34500
44554
16182
14000
25962
8927
47942
23406
495
31317
44154
30134
29320
7503
10724
34895
22390
26277
35142
2671
23507
17166
21817
27164
10841
42104
4335
2131
18884
28265
46112
5781
49574
15800
36379
44092
30346
23450
34243
9076
35824
47737
45408
17408
42226
8130
32663
47711
35185
7799
8982
9308
27339
28346
47338
15927
48156
3809
38949
42433
34129
14947
37319
13353
18221
49505
37540
15236
39607
28453
42855
44545
24088
18336
39735
41984
36440
13760
33367
31563
45201
12825
29198
34093
16746
7299
9066
45091
46435
26353
1595
1712
5310
19698
12750
621
39917
2369
11073
17999
21125
20238
12217
39096
31464
10857
1502
14594
30398
12867
31066
48495
13667
32467
27744
27129
19489
48737
17980
10742
11978
38380
42859
43615
2712
9980
28295
48315
4994
43863
30182
12784
30211
9436
32325
23084
21856
42581
43924
26118
20570
35011
11642
21065
144
23497
23211
28999
41361
13993
24320
7567
12594
39241
37044
12872
6918
30075
21453
48311
26968
28611
36886
9842
8561
19697
2809
26638
38192
44722
1246
49932
36806
19787
14822
46397
15224
29181
33185
17872
18012
4896
13642
26261
159
12512
10564
14577
8369
43529
2761
38982
41012
13647
22916
2287
9221
26046
44350
45
17573
7424
13336
38631
39947
24803
37965
40913
11682
17160
10238
40985
48959
47306
34972
5818
24952
6739
5757
11189
23444
21876
738
39966
33981
3469
38232
30478
22299
30722
23752
49232
49656
23990
4267
39648
33687
21133
32108
49295
38049
41963
2879
32973
6164
6948
23738
19076
43463
15538
43191
21459
49708
44754
47572
16260
37012
35609
33807
27601
23568
34819
5350
35519
44266
22115
7449
3348
6906
49271
23157
15782
15328
9770
39953
22985
34590
573
47970
3812
47795
39426
27281
25182
21175
25236
46469
39828
41407
14354
25660
26922
40197
2062
33808
43500
24299
10810
30805
35491
3301
43667
38467
7009
42565
13432
27699
10082
12178
926
39387
32028
26588
18317
27621
6430
12045
22686
19919
49869
46326
33634
8011
44680
37309
31174
48266
11792
3481
9536
44490
14918
30859
21058
37995
27981
8618
44576
42775
27503
21611
22319
25716
23392
22748
23979
4365
3112
25221
40592
44937
17630
24583
32698
1047
47001
19942
49170
21992
867
20360
11536
45791
42165
11832
22701
20185
44823
32763
38419
5449
11771
28244
28634
13641
24231
13805
44458
19375
2383
23411
23078
685
35995
49222
34191
8155
5279
12964
45661
2710
13611
46713
5381
38073
11888
5158
13710
12693
28744
16546
30033
19395
24666
30379
12715
35687
28726
45606
40310
1015
12371
40142
2325
6302
5495
31034
40983
8503
5129
32450
15841
37887
41371
30571
39964
15337
31879
9896
37177
4986
45890
10547
11879
9585
24510
14520
25994
34392
13163
14144
48278
33303
43603
42601
28781
26854
41688
21404
23160
44028
21689
42723
36546
24863
37924
23116
20214
43241
33787
9848
6179
2502
12081
30242
40338
25479
47860
10757
30849
33444
1611
10368
19267
34354
21464
11982
28386
48439
21255
26100
1461
44715
38241
8411
79
8239
4391
17411
33610
26992
45451
31991
42407
20160
2617
36142
20447
26612
28797
11243
18138
32284
47783
1305
21374
20603
1412
48225
22519
14297
15861
20748
21596
1970
24386
27647
47857
18990
48870
15938
3876
41103
20894
12235
40162
19745
33197
23618
12804
36839
16115
8273
20287
22007
35340
9639
31363
610
29455
44948
40633
7359
3503
18859
11434
3204
47631
32826
49673
21915
20655
9843
47116
9865
7561
25536
28450
46110
45367
3633
14913
10008
832
3866
9557
34117
11985
19385
37710
38997
37005
40346
31607
37165
49194
20008
16655
36059
11105
45099
40771
43734
35540
2829
7853
5300
10328
27081
16827
27342
6083
1874
48399
938
17690
29304
2076
16366
17808
30520
41043
22013
6966
38996
20
19846
25854
42936
12569
46777
9706
42534
11247
34382
45486
2291
41656
38568
34497
48549
8286
23528
29829
27629
37116
6148
41907
4121
31352
17268
13073
17237
25983
28281
30973
14222
3845
5054
40861
19004
7280
43450
24336
9995
6393
9337
14088
9144
37068
38385
10111
26173
17772
45501
7780
21230
43978
8430
5446
35083
10926
20689
37290
20992
44258
49974
6014
4252
27954
40140
42344
30631
34920
15478
11876
38999
7995
48136
3968
23223
14470
29674
9499
16585
886
46052
44660
15576
33242
2634
32891
26623
7606
260
5939
43173
40408
4501
33429
21158
21275
10364
29833
10675
15407
1573
9467
45116
98
11807
38695
8482
33605
31686
18745
49340
35128
34359
49640
39202
35731
40696
2916
20199
10060
42001
35690
42180
17469
5904
45413
12052
626
30766
45309
8879
18553
45385
18530
38830
20035
41067
11415
25203
3834
10246
13766
42589
32676
7044
41123
33854
46945
28543
10032
35917
1094
13009
28473
6008
30494
43171
37245
39035
25098
12650
19293
28493
11103
40996
14792
43142
11961
13994
41143
35224
24518
19653
20718
40076
16815
44737
25701
30260
34375
41227
47455
44721
1409
4748
48948
46266
23530
7643
21377
38183
28753
33991
11799
26034
18237
39080
31651
9519
1164
27929
442
20959
23071
8303
23295
49460
2388
36731
3045
11510
31512
34460
42764
30099
26687
44395
33251
9866
20169
21423
1767
8563
36082
37700
45633
26591
42841
9684
17183
49611
2816
17928
14872
35182
34829
49346
12575
4010
9860
18956
43246
47481
7865
44738
45853
36850
37644
47670
42544
27110
31180
20844
30609
4987
25513
27630
15707
9971
49255
36647
18951
42965
21270
2856
37357
15315
19903
3775
17585
39203
287
10420
11741
1642
40169
37766
6565
8813
34387
37544
10660
36890
6125
33525
8931
7087
27079
33355
25248
1669
909
3420
44274
30937
6444
6779
7789
1745
20444
18812
5023
30529
47666
41243
38126
44604
7513
38660
40374
35495
21730
20516
27541
8283
38809
43111
15428
7182
750
21560
10094
27344
20524
24455
36642
26326
49431
4006
25151
30343
31477
13923
49824
37564
37462
21952
3285
22395
25576
34812
19587
28657
22469
44431
43955
41571
46321
3772
25072
10365
37682
44383
21887
40803
49578
31045
30106
29831
14934
29235
25244
10847
8589
15545
27799
39012
33046
38512
23942
11757
8866
25667
829
22072
7869
7343
25422
38900
16487
22750
31828
27724
21038
32504
43542
37932
14658
42063
12004
7239
6864
27957
40250
33263
14964
10219
7572
30996
39418
40650
34442
19904
35111
35807
18066
35741
8718
15205
9954
2991
30164
12688
39683
17466
10453
38742
10876
40935
36770
35668
17741
29125
30900
22178
47103
39518
18347
16303
46474
22643
26070
33247
8802
6310
32741
31886
45610
17332
13552
16752
26618
22223
27537
21603
28778
38148
12293
22084
18796
3792
4930
24842
43711
33347
16356
47071
32484
3655
13020
28853
10586
2060
29107
35284
34498
38944
14287
34143
49161
20626
41750
42776
35154
25928
49592
13737
17709
3742
43374
11891
48788
27567
27156
42179
8606
1156
10311
37832
23915
46495
36405
22593
20402
41695
9977
15365
4328
28076
19181
44716
29817
32436
2889
32660
39529
17302
17855
31310
23002
32696
18762
13788
31601
9152
29178
38718
41871
45706
177
43486
1168
10730
41380
49132
28202
22210
30042
35494
28600
27879
22917
39897
3778
28992
8120
39866
9135
38845
18464
36325
41810
24774
48562
29203
38131
43293
30430
14317
34158
32540
1731
33295
39118
41676
8062
33379
37035
7470
18781
24874
22090
44602
39212
3374
26679
861
8754
40548
25830
23672
17864
31219
43717
13191
25863
12130
14550
2262
40143
5190
44015
39806
33934
13153
16053
47620
30542
40764
25282
10944
39905
35931
38954
21891
11499
40300
25730
20704
20492
15162
45270
3449
10133
8453
830
31037
45851
17867
5216
17969
39687
27050
29723
14091
23380
40974
40531
16099
36557
35395
16848
46118
22117
4560
48180
3995
16605
5252
15444
15842
10275
17334
42580
35839
8695
34560
45377
10507
48573
35117
23681
36991
33488
8202
4512
13085
21592
43285
11525
20202
20887
11822
36819
33389
27310
37909
1087
5182
18466
10751
4573
6069
10236
6246
48005
38388
12433
3702
27509
5497
36094
5713
11890
23005
40102
49454
25464
43360
33654
25083
1066
8152
5423
16143
19726
27896
41652
33843
2552
30535
9886
4875
7040
8143
8396
2087
28338
43923
41512
12125
16076
31452
32006
42186
27030
12510
4459
40711
34502
47705
18725
3377
15684
35748
34057
46647
1582
49688
38085
86
14614
44434
21080
28841
37919
7905
42143
29239
45259
21326
46131
34529
47177
22497
42446
797
39782
33130
46711
44981
37197
37695
29945
25921
3504
46027
15421
40638
9589
27653
3092
26690
45323
21358
24355
8307
46413
47203
10286
14038
37798
27086
26890
14246
12933
14667
47189
15079
46544
9767
25483
2323
34164
10078
7258
26845
26265
48653
5181
1501
7000
35338
38643
30881
45458
30645
43202
43578
14338
34626
33071
22759
15285
21494
34989
25087
30461
6808
30111
17948
8092
18714
8642
43389
44058
46467
35448
49459
3977
38102
25141
4223
1702
14033
39227
15872
7161
2421
45162
20991
32690
1403
7163
16867
24018
8049
25555
18687
22530
48435
45273
39095
16954
25096
40626
26935
23476
33042
24802
34832
4551
18829
40070
14179
30145
15647
21732
44730
43544
1765
35150
20823
11023
36564
34663
38656
33401
48564
23003
35880
29669
1158
30976
48295
28934
2693
5277
15278
7663
23240
7881
23101
48398
13765
2853
6311
40727
41823
18601
37733
41155
23467
42915
17055
32723
14955
48830
13160
31306
9060
5773
29353
19155
42419
26386
43852
12082
29436
11219
20728
6723
1932
4877
43061
24209
47300
48392
46014
6514
7654
20017
7624
45912
42232
12578
38814
12822
23882
8159
36909
20280
48589
47636
28443
26861
19968
31598
48591
6813
19394
15999
44846
27356
38352
3654
39487
36936
2707
22387
48118
4554
13399
44131
46741
46785
18946
37413
24968
34828
16694
23496
13513
22068
47664
15962
690
14514
15854
40722
41712
2261
124
5463
7510
15726
27988
8216
4156
34030
10263
22491
20242
49901
42010
34648
9714
31958
33514
15310
18250
26388
39090
5243
13254
30047
26141
30058
22712
20439
17781
24330
24876
40028
7719
30990
5951
30089
36609
45743
42373
20760
26078
36376
32241
28363
49552
19318
4330
9756
498
11620
43995
4574
38893
29363
41741
27994
23371
4421
15827
48744
20117
44429
32053
17005
3998
21814
761
3247
14834
6564
15650
6325
29997
21509
29572
21462
45087
28858
34614
42796
15347
68
6496
15823
24987
46009
8113
47167
43251
44017
34655
30041
22020
29905
7092
44318
22827
4543
29800
43971
30219
27306
995
2709
11824
13955
36316
1979
20808
35457
1852
29324
20515
38640
28603
24613
33006
17110
24606
37077
27886
29882
26714
43919
6984
1208
17415
35130
35615
31395
20062
41700
31781
3957
26186
23714
13413
26737
13166
14518
596
24476
8640
21684
10083
42510
5207
19492
39650
26371
29046
48650
43432
49726
29064
36918
25760
38358
1210
34911
17207
9465
8035
12709
23870
2854
38096
40455
22385
3077
18349
27828
9366
26417
18197
6889
20955
33147
49595
47362
21
29545
42749
7942
25959
19505
23839
2783
46343
31224
13804
1197
40580
34712
35958
21328
4644
27959
15395
15473
27822
32864
4689
28899
45015
29065
38722
26827
26928
8772
30206
45993
41834
25786
47474
39165
15009
22824
33115
48387
1016
2415
9186
11964
41443
30475
26902
49285
38719
10462
24680
32276
32142
35357
19655
11883
43182
38333
42667
39155
22326
34004
25657
29416
5228
15856
13134
24090
41168
39120
25126
34364
3727
48223
20822
1480
48226
39938
45337
8005
36586
29574
10798
31500
901
18013
37229
23522
20104
16015
49939
1783
24196
8345
33226
25937
25598
6585
5072
24379
43055
11619
13225
39211
37618
23620
45887
19125
1682
4524
47298
35771
5660
22905
18255
14654
17171
7828
23694
41997
47946
28156
44486
39508
14561
13482
21694
49700
11675
34487
38202
1039
32048
42258
25722
35052
14945
47741
39450
40973
30151
45355
39603
27279
29822
33377
15681
8779
372
24854
23607
30762
43134
14353
49883
18545
16719
49000
29969
19180
43422
1641
10139
2746
3268
14952
13115
25523
43167
997
12817
3435
5035
47562
3733
25699
26027
23473
42072
1579
39367
16818
1725
4864
23928
47819
39408
9905
31852
6969
28698
46772
42130
46800
41527
25773
23373
44815
33252
21481
31782
38920
45707
2626
32013
39174
47744
37058
28457
28870
45318
8009
32014
46540
49032
19454
33722
36052
43386
47729
39436
42935
40132
11202
31048
47285
18232
38614
13930
36284
44546
27791
7938
27595
17001
46735
27375
24358
17616
1320
46069
204
25987
22018
30109
44270
12794
29942
46899
4746
9301
6222
18424
20910
31407
15739
36600
9844
21666
31910
41999
13865
30178
6382
22435
1334
4138
48067
42056
28003
26065
44324
2488
2608
7504
42656
4663
45068
37595
30313
3353
41619
22046
7711
3405
13588
18559
48616
9336
27590
515
17700
44596
44223
16435
49200
36422
23327
31860
47005
29437
2443
44980
10169
16311
24825
1882
15541
29757
2467
3765
22618
48139
10538
35146
5413
38915
9211
23170
8394
8295
4281
28033
9491
7745
36633
3253
39577
3911
41328
22096
44433
37360
45470
28880
32750
44246
2865
842
22784
12215
14017
27319
18887
3203
15177
5043
33077
17506
22781
2839
18782
3398
13643
31279
32224
3087
41178
13831
36768
3936
49212
48204
41624
18496
45499
17091
1636
8803
48172
49590
16169
11372
13354
8557
44467
3027
35478
38936
30618
15620
45086
26891
12795
40886
42655
32165
19870
1244
33196
1566
6777
13128
24221
35084
15830
47888
19451
11632
6030
34066
11217
1900
34483
6591
23524
30785
28404
11945
48229
5334
46779
814
12084
31793
42309
22236
1849
49457
19676
18734
27867
30514
24402
27523
17536
47205
9117
24237
17019
47917
38474
33928
30028
41397
46493
47204
19231
3212
37534
31239
27755
24218
15425
11483
27021
20735
30013
36880
46746
31076
8520
33510
20111
20556
10923
18646
39714
10197
31213
18793
40090
9677
38881
40226
20357
30377
20752
11636
46133
38329
12740
37335
32098
8990
48252
38273
35037
3082
30916
42514
33442
4862
26843
20151
31124
17990
47325
11110
48747
25879
22890
16412
29652
46743
31210
44860
37314
13376
356
5619
35750
15141
26010
3068
46386
39590
17636
20780
20863
24656
45462
10203
6956
2189
20701
16645
4037
35725
20037
13660
6865
30997
36545
37855
40265
44944
2784
11703
9452
30741
40432
4126
36120
42286
24636
32658
36484
48686
34784
13035
21069
10711
13832
31877
45439
4337
26079
30100
43772
12494
25749
48195
41453
26379
9057
8261
18972
2832
35015
47695
18173
41291
35305
38986
749
26111
43416
38533
22607
1152
45830
2030
28394
49948
45312
26088
31200
35591
15493
353
15438
18665
26507
33948
22605
19302
7843
29563
48309
43454
12870
32930
16570
6735
1957
47781
12348
23137
4213
8362
16612
3196
40457
271
14462
31550
26017
30637
20487
34401
19908
4503
32282
43105
44427
34419
36694
18067
1976
42397
47608
26529
9331
16061
40186
2006
25684
47619
28527
13015
46412
7328
13887
18614
16601
44936
41110
40247
5617
18402
17036
32075
23654
24855
44700
10166
27790
40855
37716
24832
22608
45788
44132
15463
28048
48736
21677
16890
29451
47108
16978
33181
26059
5806
7306
4297
19838
48235
13749
21645
29055
13679
6054
25659
5210
25165
12453
15464
35199
11402
43864
24257
38035
27335
10473
22931
2307
26659
18959
49402
21458
25226
6451
32569
11554
40308
31193
38861
49750
26240
42901
34396
17645
33704
27345
30207
43716
13648
4259
22944
33194
44086
48481
7943
29768
23054
957
27363
45119
47196
31553
41800
26337
29380
16692
45558
18294
40977
7291
19353
23506
39075
16984
42829
35194
25540
26580
5523
28002
40683
47758
22339
32137
25190
49463
18758
28070
48283
27765
34991
15863
41701
38112
6607
20101
19487
34125
8605
22583
2890
41091
49361
29161
17044
40904
9537
41050
23278
34287
288
9260
7857
13065
30769
19085
15644
30923
3269
21322
44999
48753
29453
49670
40674
12696
35967
14065
26090
9513
29372
21660
47949
28550
34807
22543
24800
30991
43187
42370
23143
42141
30921
36969
38254
30552
22532
41660
36299
43755
23544
16755
23763
39394
41210
27452
19059
14845
26140
41969
30961
44054
24176
34835
47907
46340
11512
15733
47810
37610
16209
24352
49624
32978
37045
29224
44928
9021
26149
45731
6935
31062
28130
8714
23747
46896
36971
19226
23178
798
33806
31337
19564
23493
12070
41058
40123
15083
23455
7747
36935
3889
12668
27804
36010
42640
11904
16688
45440
15105
37138
24156
16391
4922
39183
39069
4672
43244
43589
5971
37748
7263
31943
41466
7720
10914
5019
29745
37826
5486
11181
24901
11661
40721
38098
2729
41593
39320
7535
41682
9392
10777
8528
22171
21857
15417
35882
36414
19668
17140
42246
30356
36024
30424
19033
45815
19136
45432
11471
21369
43356
5385
19509
45155
31205
49963
40309
7063
39784
17929
22346
31501
28309
12732
11779
10325
39480
23330
31592
9335
11124
2338
38200
7422
14249
36595
29433
42714
18825
20186
17414
33329
23430
41848
5662
18849
10331
19409
27318
6109
2045
29251
25495
2672
6626
29478
36627
32405
45325
18846
17313
29877
36331
18379
36470
1527
8100
11701
6447
36709
1082
26458
2621
14554
14736
22880
770
4537
27688
6492
14433
38384
25092
12179
21521
37776
41187
19629
30400
42920
18710
7994
17641
9632
13581
704
14192
29618
27638
14523
1440
19104
21205
40673
34275
6421
23283
4949
18690
3191
41320
15954
40230
14394
860
46289
26150
41570
3194
19130
4298
12287
19455
38442
1959
47801
40748
19867
41767
26802
44518
9106
31806
22842
13636
1497
33114
24159
48047
49115
35044
11520
6904
26487
25076
17719
4282
48630
44055
11646
5644
14966
46416
44595
4167
25038
11616
22941
5942
22572
17920
19169
42223
26710
11349
38108
42728
39106
41282
31856
6216
22440
7351
48842
26423
42400
12883
39477
329
27121
33833
35787
9361
36271
23036
49802
395
33175
30194
30482
9310
22245
25796
2903
20729
5858
38480
47647
21367
39362
6690
78
37337
46633
35251
31758
13906
30350
41843
30185
34451
37957
29928
16325
5967
23158
16098
46035
29461
31941
41600
48060
34703
33428
18842
15612
45888
32
20766
21946
21855
8093
30768
44071
30264
11670
3645
29684
24772
15234
39595
33671
27234
15900
48605
32855
6862
46164
44313
2445
41154
19135
46790
15847
20401
26175
31439
40462
25634
44214
46437
10397
29562
8281
10418
17461
43587
2551
40065
32563
39445
15763
4823
2767
49845
21624
34997
21598
19625
4991
31422
23680
33058
30121
38535
1896
4273
43048
10899
28771
28060
46198
49805
28486
47835
9776
48764
18610
40760
15104
23527
19660
40270
1913
17342
5726
26333
38698
34047
14359
20003
26239
38838
18174
44813
22081
6286
5792
27074
29374
10714
28144
42112
48227
7379
22451
42780
7219
20066
26224
17242
47229
18286
43521
2273
45560
25771
45629
301
41887
12597
39446
13719
43144
29590
47567
26060
29749
39427
1010
43962
49651
18087
28803
17066
42080
47
24076
22865
48294
43801
9375
45077
27256
12111
32940
13689
9182
25590
16156
25264
34273
21619
31080
31442
1234
8833
42333
25615
26601
24264
49544
22682
11496
10430
43563
43439
19445
5685
26266
27556
38016
28375
15947
33511
44646
2953
9168
41351
34234
32951
38296
20648
37355
40228
10006
29394
48575
27497
15190
9606
2590
24023
33969
12355
45598
8666
11293
14396
29128
34361
25352
48423
42833
33261
11992
21020
49679
10522
9958
29938
30727
38187
38964
1417
34339
26644
9378
14326
6919
4789
12033
2766
29479
33892
19978
1654
34557
5632
35595
43319
2068
31692
39576
44133
28689
41218
8775
7173
16979
15318
29261
46379
13422
27474
27710
11152
31118
18624
46600
48923
41912
4022
48960
29459
44031
15349
545
21532
32233
28978
23492
7800
12221
49979
16816
9686
44866
43692
15029
20479
31566
26237
20210
8282
32277
28716
12177
29252
42629
18094
48709
16292
39208
13504
42717
25418
49778
18281
2234
11136
48504
9579
44082
35280
26244
19403
12591
44499
17987
20383
44337
7136
28944
36303
43193
13991
42528
19213
47220
35972
17967
36155
18144
37560
12314
35459
3106
38565
20744
3360
24714
19503
15529
26028
21701
12040
22211
27772
21901
6443
7127
14598
44769
2447
30213
9691
7301
18645
5643
36576
6758
14152
15391
12053
7116
162
49360
31919
48541
25826
34344
43341
43577
9150
27769
13567
44609
31307
29954
36153
46138
25017
1285
44356
9509
40513
7978
46389
45894
18706
49589
15911
8413
37982
15481
29792
38593
12908
35512
13036
29230
47149
21640
15923
33853
5476
40172
43701
32815
36740
41297
25915
35810
2681
22449
41794
23199
32971
42318
35299
29982
21113
20567
40710
34574
1623
24141
602
35246
1203
21471
47504
40141
11712
37026
19223
5436
1866
7250
47137
10671
17526
26913
19386
46449
48367
24283
46258
31711
8558
14706
29398
20064
5017
46383
9765
48978
18919
37509
43598
21307
47876
19701
45513
33805
31256
11059
18227
37214
32841
19392
21566
38015
47135
26335
3638
18426
47673
46121
8554
2897
22856
1378
43934
34952
21208
4745
6650
16180
35198
9389
44624
41844
47909
17364
41977
38543
46019
18505
12347
20886
32507
17882
14324
18399
47065
10122
43410
26596
31440
44578
1522
45151
26343
3581
43478
7790
12735
17405
7723
10250
6158
21574
19233
36608
2742
974
42927
5428
7198
18131
26911
31803
15059
37533
11245
42941
29010
44320
34404
37428
9678
49114
3417
40046
38725
20658
34126
43222
2122
21252
19999
32314
46666
36823
28833
3119
17519
30270
8479
11193
27240
35905
38423
31846
28554
11477
39162
23229
24867
19682
10590
4515
36124
2993
1677
30842
7347
13685
42811
13119
24178
45034
44924
27068
38606
18271
27613
38842
44167
20639
6321
37865
7801
6922
13351
18340
7985
17159
41296
27238
23932
38119
24539
35642
9355
14859
35410
17029
12002
19425
31195
32018
23589
7125
4115
11200
6202
49414
37759
47910
25074
14082
7482
25958
9199
31625
42394
46916
17216
35646
46224
14959
47082
10066
2554
7906
20723
34069
11800
47014
16902
16540
7777
49354
13173
25000
26963
30717
6136
47182
44439
11573
49432
8140
38088
7072
32196
13630
10524
24227
49244
31332
9463
5597
22910
4179
12612
25550
23255
17060
10551
15594
12814
29295
14261
23180
40163
10818
26031
4321
38942
20097
29504
40349
41060
6309
20493
28677
12289
2090
42893
28291
49733
3060
19088
3546
5638
48348
10241
32806
43778
11683
4643
47280
43072
20764
14525
43993
9604
18679
48558
26022
10388
24115
45369
20968
48011
28480
15508
7569
4525
913
5275
29229
23519
34107
11413
46464
19989
10101
873
16656
37329
34941
44743
19754
8316
33816
21927
23939
26885
44590
34526
28035
8514
41514
39444
20557
32876
17492
33987
27309
9358
1375
29222
29889
36566
15651
6555
39985
20318
38372
18691
11177
20392
42517
42257
30667
47249
33570
30830
26560
12137
12319
38576
23594
42310
3299
21668
3120
38646
13801
30592
14744
26599
14381
8012
31827
13428
16636
41200
26739
18463
37634
37555
25419
16485
36408
279
7420
17328
30778
8089
1468
20691
20885
44079
35256
38612
2468
44540
1667
35013
39744
35795
33905
26466
932
5898
37753
36290
13968
15975
8019
32707
3910
38866
46280
644
25521
3225
24492
33299
37333
18394
10831
46517
42117
25318
45578
18957
49118
31238
38868
3559
4868
1500
41964
42538
30476
28904
6718
48645
34876
3463
48986
3441
44514
40405
27806
14758
11275
7175
11582
2115
17470
34303
46737
24004
7813
16014
31946
3330
13889
43223
17491
18482
38378
19434
19021
22101
10986
45602
14522
40010
6896
32408
36302
26311
44526
44016
16335
42727
16805
35580
27854
18252
36782
25500
5292
32670
12516
48333
22742
37539
27807
4720
3288
37323
22832
29870
1092
20041
26730
34412
11649
14285
384
7814
20426
23805
19711
24790
23565
17393
24420
47154
26380
45543
28238
17965
5166
33560
49556
8724
3006
18076
40321
22585
48787
8470
40723
24335
42724
42389
23279
2219
43628
6187
43340
5096
25668
30290
40798
28303
9283
19857
13421
31648
48074
39023
17336
34661
23866
41543
41909
35974
27973
13379
21795
31004
1303
5944
12487
36958
25431
43530
15862
48584
5395
32270
25027
38410
13322
12185
12945
12204
34249
34508
399
267
35053
31978
48123
39216
10598
4400
16027
7231
18258
24477
22463
44779
24453
4883
33651
5118
20050
5314
32218
3907
19246
14720
29190
2946
30663
26914
16929
22490
28255
2713
6464
2401
43645
35148
20520
30241
6003
31240
4356
36499
20433
3097
14078
8472
44275
36159
6842
5700
27225
3542
1433
21983
40385
25791
7840
22625
17916
47346
35827
28573
35548
19998
5544
18487
27548
24069
41064
15265
8445
41158
20848
5883
30254
15357
3897
1093
10575
9961
22172
16347
404
11696
17579
33163
49476
24991
41062
10471
27455
3144
15432
34650
23776
49291
31783
1991
2265
30824
33045
37398
40757
11826
29967
22676
8994
23969
34884
15678
23795
9013
41131
36263
2305
15108
4202
6288
5511
29524
47884
43365
29648
6394
43646
16653
18606
11158
33945
25319
42959
8735
31884
31476
8116
37976
31295
24970
38113
4343
46195
32895
49558
8552
862
23416
12027
32191
2970
13170
16197
33128
23820
39196
3026
12357
2455
1727
9208
7045
7131
1427
12071
25986
29450
6
24151
23949
25287
15518
7825
22918
1758
46443
26370
46732
25527
30704
3183
54
46754
41346
40428
19196
7221
1596
10208
46130
2741
21537
14951
49333
38542
25989
7984
31780
36066
9571
5229
37728
26092
47125
21895
36682
22738
780
38277
7735
28292
5650
6866
4785
11865
5250
39623
17386
26134
4120
34735
47961
43180
15149
32937
20204
9483
42421
41387
20483
9832
31767
47687
27266
39895
42535
26130
47124
34612
14968
23299
9674
32991
9493
9923
44667
32641
25339
1393
18866
22812
1826
12714
13059
2901
10933
9787
43483
22360
38811
2182
4160
45441
27105
18661
7563
5897
32905
31308
29895
16361
34079
18642
22646
20181
38818
2380
45098
21304
20901
28925
6366
5134
26431
7480
25902
11789
46868
20179
49659
20697
5720
35326
311
13627
18319
24911
885
11274
22914
38730
21087
10829
20830
11315
29606
28786
26559
18229
11113
34897
8434
42237
47556
15616
22403
34294
5860
29325
15993
325
46893
32843
1278
31453
403
27729
22825
4724
17792
28409
38415
23913
29951
32261
11020
33699
23585
32830
29076
14618
44319
40901
39975
27963
13500
956
10097
10423
3083
12815
8389
42858
40014
44934
8617
25202
26190
29368
12426
40819
6471
26840
23827
45670
33301
45566
30374
18170
4142
29114
33656
20410
33690
26062
38828
32074
31588
40241
38412
2613
35026
3040
17260
49666
42987
47283
14375
21848
23478
8883
11097
17833
668
49160
37076
39619
35257
6116
24808
9800
20048
2966
32894
15118
13601
33004
10254
13794
32923
34750
14962
5103
5784
23754
7150
44380
32347
40813
38023
2483
40121
35751
8165
11854
17756
28487
4718
44113
45980
10869
17094
48043
13547
25451
20902
12897
22951
1166
14475
40315
24292
45622
16313
28305
69
14226
41278
14076
2371
46007
45196
23911
10085
36896
30750
999
2451
24340
16952
26820
20623
15054
45376
16134
45303
6975
36495
11314
16905
10007
22709
14208
32962
8467
371
16510
5162
34075
25035
26665
5046
26460
42928
1723
20661
44428
26562
44802
1309
49293
6257
445
13331
49906
36530
40501
32264
23100
26933
26539
28988
4623
15176
13355
3000
26285
22209
26438
12199
4570
35471
23312
45059
34734
11166
4227
14448
32346
42103
47408
24699
18003
34720
5464
2123
3519
44776
28503
49433
27326
3474
28879
5030
18311
23445
21186
40284
43408
18243
26367
49546
8371
3683
31823
465
47375
6912
29196
38697
2847
29660
769
39779
33300
41494
28835
502
39213
43639
48784
17228
22450
22726
22790
43446
6406
45322
18705
27089
17871
6990
23370
5004
49440
14696
29495
29288
35866
320
33689
34607
4471
9829
20145
27111
21798
16037
33585
8416
4602
43228
551
33191
43505
4158
15904
9993
8900
30282
11504
16161
32339
20365
41850
48519
12911
39472
49856
42217
28222
24717
41596
24797
38943
43204
4695
32772
4314
28073
9061
38946
5843
40013
39808
17206
40701
31267
29588
5331
18713
15671
38434
38155
1945
10220
43678
17632
3982
15273
24288
31750
33803
39348
29703
3566
14609
8649
20794
43266
33483
23235
11150
43989
30528
33606
2920
2399
21658
4729
22654
6197
46229
43495
9048
21869
19258
8635
2561
14602
30383
28623
41653
804
39331
7748
18198
35463
12441
32591
20900
1351
26912
12308
13265
48208
40986
19947
36993
21128
41923
36280
31574
36878
27133
42146
46425
26576
40587
28994
48850
47802
7891
10105
9690
43857
12115
13251
22049
1410
39083
18327
38714
6224
11358
21425
40112
855
49625
16894
15023
38218
5125
5211
3532
40614
18787
9432
43661
27366
666
45603
9612
19024
25188
14537
41151
18616
43192
44283
23320
935
49426
9081
47724
37326
8267
14786
28546
6558
43414
47369
38590
47532
19496
4907
3400
26369
2506
29523
13528
48550
49383
24784
4243
30672
3292
10374
19617
46023
39058
47989
31799
48365
45032
41179
12845
29804
16095
7441
40725
45049
33005
19034
38294
28916
23935
17310
23314
4892
14089
21528
46297
21355
41280
25239
13791
41216
17350
36201
5948
49052
15935
23035
5306
23041
44363
49798
6987
39530
7455
41669
10797
19579
43089
19441
19506
15460
46342
432
30569
48164
45592
3943
5772
34002
46107
27796
23753
32833
17826
46514
38306
21260
24253
14319
21131
48007
42706
30910
13578
13602
31403
38759
45784
9718
13846
303
41422
24739
14599
46536
27600
19314
21177
46302
40888
26424
16657
4386
18551
3317
41611
36200
28699
1759
43987
2609
44711
29705
23586
20640
36592
859
26651
37218
30027
40627
15011
27931
49922
35027
6301
34642
4904
6651
5480
26917
30570
10647
28383
25795
42964
41304
14330
31271
23401
47964
15121
15781
21559
29041
20441
961
43709
5830
34992
16852
26852
18462
44331
2787
26230
39220
21543
24558
39460
29894
9836
26470
9942
34531
18756
20898
23487
48160
15754
1273
15979
3639
22706
17300
10081
17034
23529
44198
30985
21518
29649
8624
46230
52
19271
8673
29446
48725
35107
21772
37327
43334
30453
3252
48720
33834
4374
25706
11457
9872
3815
27278
47977
21906
332
10816
13148
45052
32812
22308
43326
4228
30354
43226
17834
15565
45084
47344
47271
35443
1687
12243
26320
40993
21284
42977
46073
14110
1005
14255
43751
17340
14659
16045
15793
24075
38922
49986
27810
11279
2439
16717
777
1337
16632
36757
38972
30005
22630
6773
27891
46686
9564
3949
41614
38381
42346
7531
43970
748
36809
42887
19087
1218
41368
36536
28086
24762
31933
1953
44440
48291
18445
39865
23192
21331
18655
28161
43616
18549
17211
47134
27332
29191
36199
10945
22539
34896
35920
37643
8665
1713
34859
42336
15770
7688
17130
14661
24251
3397
44727
46462
19562
49793
12801
33125
22278
33822
7057
29417
7608
35346
4592
2310
22413
22262
6785
26833
43985
7514
45957
7170
39734
40662
1992
40933
37188
38825
33230
5702
18761
41756
43176
22945
8487
26656
43901
44762
27232
47782
11470
46002
40541
9840
8002
30685
35904
21826
22575
20109
5448
39952
45904
10768
33802
15734
36374
42570
33661
12670
35712
33154
29896
29309
18288
46068
25781
10057
16079
25357
2972
45022
48405
35630
38577
48818
15926
1627
905
43384
10983
10023
40963
32715
21672
23249
46137
31940
41039
25194
10581
23
37278
34589
11178
24129
34760
3319
4929
19301
11350
38840
16796
19997
3263
17024
14773
34664
48862
45783
13912
9839
25851
15916
43358
13878
10417
20480
15806
15992
48996
33588
28842
30128
22802
39743
11868
12074
16922
24070
47955
9267
5055
9680
29644
2144
42809
11930
14167
40525
1317
36651
46136
22724
45582
19702
29300
34523
33552
3093
46626
34255
44043
9610
25313
16237
32037
49103
41819
38053
27535
4445
40639
12279
43049
4727
29521
46169
8984
27396
33206
18285
28484
34221
19373
23539
15405
11121
11716
37553
44184
41858
32674
19484
19030
1022
3553
47743
33326
25599
3216
5679
25833
26436
16853
44882
41905
2160
9428
4224
20573
38862
19297
1340
15160
19092
14098
13934
20944
18843
44647
15505
7102
33848
196
46472
45994
48216
14301
34312
38229
49067
48914
5714
3448
37662
7160
21501
10941
10154
12808
22928
3628
11109
27282
32711
18370
12284
27597
17972
10919
11812
32174
28680
19210
5473
5257
11870
48895
2541
362
44726
5358
25767
45681
47901
31824
14926
19993
21719
8778
13326
34916
24142
26127
14016
47326
13815
29885
32570
40515
9072
43130
8868
27015
19842
5324
33139
12162
49119
24110
24827
31281
43858
22436
30095
33341
16709
37576
49465
11381
30541
45475
24644
7487
33144
42121
36970
47833
10973
35556
6204
39754
34300
32499
44334
27619
37361
49562
36857
48614
43313
30276
44220
11018
1064
33860
15213
35730
250
29798
23570
13389
1151
4527
42575
30092
47574
42638
1426
28483
7354
37696
8304
25515
22405
101
6745
11174
33879
6944
49089
35446
5474
19242
25263
676
19565
44895
44207
30275
41365
26818
31448
26920
23797
28917
30807
36765
39856
10744
23982
21710
34519
47260
2118
38671
23418
28812
18596
44918
3143
30818
33393
28091
42060
26494
4625
31511
26896
31151
30877
42969
34906
32343
30513
34816
8928
4481
48003
1291
37514
46311
6814
10643
44410
21098
37031
20335
36355
13632
44165
40383
44858
5414
11967
49441
48143
46032
35274
34299
26368
4806
22767
7033
38991
42230
8363
17430
40956
15547
40424
28267
15014
15022
30510
1540
48934
24380
28748
23076
20605
37352
39848
40037
4792
33101
48474
26013
24484
40279
19368
2097
23617
36144
42290
6876
9090
46608
17533
22523
16669
31096
17782
5724
42442
30904
21548
28452
33313
49753
41612
20207
12679
21827
15950
47392
33914
48273
32791
25715
44854
34949
11270
20644
27471
22891
35109
11593
48855
34638
13187
28928
24741
9982
10606
39670
14149
998
9032
45485
42338
27608
47217
29337
7046
38973
37493
14118
25725
22033
11489
30844
22873
44191
32853
24768
42283
37547
23843
21234
49355
5555
25286
634
36081
23451
49075
28710
24329
3336
35285
42271
5281
7601
9764
6553
28330
19031
46890
2419
9588
12533
41001
38291
4072
28819
18987
22367
15073
11898
5112
3693
13316
31046
23449
40926
24216
25279
22659
1580
39283
10249
23272
34059
9924
23707
27157
30665
34633
1421
45586
16275
46142
22926
6100
45405
2216
38299
1724
35433
46058
24324
34471
24859
14941
40752
18654
22614
47148
42564
10903
3142
21575
38896
44927
31800
20289
23191
47609
15477
6006
38918
42884
33011
41573
41023
45835
28077
18676
42145
36738
26689
15997
45572
34955
4975
32015
47047
21864
13903
35721
35677
22988
40624
33465
40006
5572
47052
36162
24993
39994
37136
11513
845
36340
43679
37422
26214
30072
26419
16932
16193
43361
10819
23353
17647
33052
9641
25368
42783
15920
35819
23588
45909
22639
16330
27313
39188
2684
29972
27623
14417
34563
43647
5955
21897
8079
29565
5016
32060
15536
32600
10673
2628
4738
12459
45870
9516
27964
3401
44600
32631
37792
15539
10815
4431
33665
849
2507
31920
26340
6961
6768
45794
32510
4959
3785
25798
28491
35212
25806
18670
24528
11284
16882
16070
4958
25627
39112
40096
13040
32110
32950
30240
19460
9333
31237
6656
34433
12882
16032
48442
39913
31681
13195
14689
20549
13999
4130
5042
48851
20278
35761
9835
8611
23049
39647
26765
45488
47315
44123
47558
49497
33057
38601
9281
568
29283
39567
16499
48271
38962
36636
36262
42687
6933
12089
17674
38659
10084
43745
30153
32361
25961
44850
43140
42222
10460
25494
14227
19869
26868
20914
20720
30340
47207
20465
47038
41482
32672
13892
46502
27099
7098
32722
9820
28906
24647
37516
42735
33096
23667
82
40847
1628
18764
43999
37104
27500
42573
13398
22786
35385
40198
25198
16971
2192
8016
6371
10735
7058
533
30150
11367
18493
48658
11139
39926
8160
18533
37174
31617
36552
39425
27135
25681
49676
46850
18763
24543
33740
2099
25853
42957
13002
38649
35033
13107
21576
3584
2819
20311
44102
18425
32726
36802
20253
15429
27719
33453
37020
8939
25817
1568
15534
32840
8102
21982
10594
24683
41513
14025
23802
23132
10633
8440
48452
38839
22822
33600
33059
42630
17410
25981
33623
49566
2665
40158
46245
11060
1578
46549
16360
15002
39845
5174
5912
38641
36916
9215
17182
42543
36500
46382
22166
36373
26200
49759
46590
14263
35916
45297
18677
15557
43305
37727
23195
36992
30283
11053
41283
43216
18437
9479
31301
34643
33884
3526
16778
44175
613
24317
43573
34820
35802
6520
12806
33612
30131
45071
12765
9325
47595
23838
35302
17412
22823
16219
39374
36695
19043
8043
9605
42124
13302
18954
31909
25359
42625
42840
11746
38860
17952
10274
16770
24370
39474
10706
46766
33283
48395
8663
5076
17401
48305
34017
28822
36938
38070
19164
4486
16512
13043
27546
21888
15361
11756
31349
19600
111
34381
48886
7655
24230
22314
36457
13796
5396
30026
49959
38731
31578
14116
34505
13688
24839
39378
6086
48583
19022
20413
34984
14062
43433
21934
34684
24618
19601
45727
18521
47518
43077
36483
42823
24475
18717
6696
29053
35034
18615
8785
17912
39255
32996
24417
12269
31833
24319
18698
15060
42251
15072
46303
38259
13713
24846
15392
1413
49484
31361
36050
24922
29929
23708
31675
33506
40477
30456
32304
32402
29221
17577
8450
18381
37038
17288
14605
38603
32584
22185
18231
17493
12239
27244
17657
13554
12154
27217
33501
2860
26384
47062
10306
48662
19145
17944
23824
43056
45589
44974
1598
3579
46453
16334
29919
8981
10653
14314
35572
153
13445
43407
35538
16327
45683
7739
34534
31970
40726
1284
2166
38919
32458
25442
29843
21262
27006
49705
46763
27174
11493
2084
16620
33402
41594
33258
42280
20703
6853
12492
29752
17157
17204
33553
13926
32887
25779
14610
18650
20775
23971
24936
11802
8827
31044
48088
28961
11935
10898
10295
47838
33701
7892
4817
10602
35521
33169
25640
35984
48259
43551
1861
37580
44794
31347
7077
44289
39933
13780
39842
11592
44160
22240
4276
17008
21830
29163
38851
43729
39859
46252
49468
7868
17243
21727
34914
43083
6954
3849
44234
3148
9488
47496
49818
26204
45173
42218
31683
29356
22929
2967
41003
1537
24912
24348
46619
48190
22106
37659
19627
36033
3273
40969
33390
34988
23333
1236
27890
47500
43880
34885
30369
327
15038
14589
236
16396
46387
17613
33891
3952
46953
48239
28869
26287
4626
9302
46553
22093
19370
41638
22655
3381
5985
13230
25330
7112
43634
18401
467
31867
41237
8904
23704
7246
39887
1673
11723
38387
19253
16266
17290
13375
38086
15543
1138
41933
8287
33804
23010
10762
26703
15339
40488
38228
14415
23906
42149
28133
33878
20551
16629
41232
11422
39109
43242
19957
28302
4756
32016
45844
21921
31880
16680
4782
9869
41861
36944
23540
11153
42175
40596
7988
22590
18639
33798
16092
10703
26761
21749
35739
7783
48478
38030
36905
12778
23637
5866
18769
49180
6643
25650
49375
25912
22868
33845
41226
3696
33861
13859
12271
48510
49491
26671
19912
13681
36118
32369
5404
36260
17566
39762
27748
47039
7872
22272
3384
41275
17037
24799
43619
11980
8270
30795
34469
22008
3205
15223
12984
40494
47820
10871
41757
22317
10290
2243
7968
1911
30690
33597
29774
29003
43174
47018
37406
31450
41485
46476
40497
32505
5397
34767
692
39570
48451
21076
42061
8610
37918
6081
1107
46712
18703
46623
14588
15140
8937
18637
35649
34181
16530
33041
7168
49678
16537
12614
10096
29278
19674
48638
39366
27255
32536
34742
43903
29491
28313
14158
14997
32338
27903
2945
8088
8464
19882
46210
8902
1552
17241
37066
28135
48009
27550
29086
44450
47104
27476
1411
12313
43058
47734
29530
4709
27569
27315
2964
33820
42463
47662
25321
13885
36845
7289
40476
12755
40831
28142
43819
42695
32632
13509
40951
16043
32798
48553
47330
5026
22216
42317
39763
11114
37482
29848
40850
2237
30734
33269
26278
36389
22612
4774
38009
33392
36516
24443
6780
36945
23409
8040
24097
20980
13778
48701
34700
2188
48220
37624
48793
10221
48698
34537
1050
39686
34776
16833
43804
28893
24676
36178
1947
38318
18562
43743
21979
17391
10063
46974
1428
41406
24927
17745
8975
39631
3641
40707
5231
18547
10268
33397
43447
22294
32897
25671
44295
16086
13959
42827
1243
29377
5959
47601
31015
27475
46580
5244
14186
35000
13204
44247
45811
44693
18471
45512
30406
32486
46090
44582
28525
24590
39073
17186
32416
44287
43766
47139
32444
6500
18298
14494
41847
33248
9679
6839
11754
46146
27668
3653
17349
2788
18364
18417
44435
30697
35489
49785
3576
9642
42434
36704
23952
19523
47091
41839
39822
40815
30620
5568
48990
44561
9715
28711
10806
27158
817
19807
39820
21433
1097
3163
34836
44889
34246
28872
1465
30797
24746
8987
252
16730
1190
49292
12660
30011
4665
44335
38873
37974
35258
36115
34727
31287
8387
30633
22053
14153
1137
18099
28360
39145
37527
36488
29608
41863
49728
16793
23175
9875
26451
30055
491
8222
43548
40004
2842
33855
35608
6516
825
11523
47341
36203
39558
16677
22038
39131
8525
28444
35175
30098
31951
27666
1890
38458
22733
18404
23362
40316
49005
3422
23816
15232
46941
32313
29305
14638
5697
5133
20956
28055
13
9575
15932
328
7621
18146
48581
14819
8513
45469
17918
23034
31463
3251
22836
17061
16429
25132
5852
2811
23386
1342
44914
45874
42866
22846
27691
29899
32132
15071
47663
6835
30437
37062
18742
26764
41860
17888
28731
9576
23258
15817
44631
46678
38116
13296
7236
9711
33975
44479
5353
3241
17329
23984
36090
29986
22293
2119
41725
19966
1
6843
12172
3651
29747
37604
3287
17306
23625
17433
42452
46072
29009
3136
10729
42642
11526
26051
40189
40029
247
33946
30509
8684
46428
1918
20548
33858
20631
32468
45321
35307
30705
19173
7412
47473
5878
18455
36828
19618
15750
31140
31663
1252
29983
27545
605
10658
37694
38926
40663
19671
15373
41124
19063
46429
8252
49984
45427
18515
1038
26347
37081
22875
35487
14102
33143
29821
4983
45640
37279
29375
43977
44124
28895
46708
30983
17774
5360
32042
8542
1446
1944
27848
16835
9014
28615
29837
6586
44409
25575
1842
8989
4914
36281
29293
19955
39003
27776
1110
43584
15794
3621
17610
11269
25360
23501
7923
23792
47090
24034
28847
16563
38111
16387
18490
46481
25985
10804
46070
38879
682
21339
9196
8843
21525
5373
9981
32824
4651
15151
22372
14229
6387
9219
42525
44886
27001
11524
869
15967
46051
47057
11714
10212
3985
3698
28602
30330
37513
27230
44710
41015
29508
18261
20043
38876
16972
5777
12187
18290
48070
20115
21259
32522
9269
47158
25836
23343
10497
39751
1251
2038
40814
16259
20314
37480
23244
10845
7520
39038
37111
16798
19296
32910
20707
49209
27162
10918
23958
13606
39328
27165
27924
28622
2542
30175
47388
8510
16413
40005
47046
20194
25381
40962
8923
2121
49063
34743
35204
40245
15838
20731
11359
36784
32351
5086
13312
15906
41510
2026
42602
37670
18088
3396
13386
12901
28210
31739
29352
24864
1586
10554
44796
16234
38315
46909
10065
49514
25707
40703
33106
3440
4251
2974
5297
4309
29058
28014
8404
9381
42059
44401
24438
48617
22205
3805
24626
34065
24892
33777
36224
6305
16517
45140
45118
24789
13943
26045
22609
44361
29205
10540
20398
37371
1550
43211
11872
16974
1734
41491
30845
26121
31482
6942
27528
20025
8176
34546
7276
39424
9546
24252
4793
8262
38492
13255
15987
34978
4107
26394
12657
47887
18634
11015
20864
4197
22420
11813
3367
49962
48411
4772
18871
9176
26604
13538
47530
603
28972
43382
38608
43822
47586
1221
42375
21577
24171
40342
48391
48087
42765
43893
43894
28334
22212
34424
2773
14692
38219
48506
34630
45062
18093
24703
13185
47267
40500
17968
19834
38316
11421
12788
16586
17118
38101
12099
18532
28913
19420
49153
24170
37475
47976
44503
23067
19064
39238
10427
46477
19320
39819
1090
9233
39032
6151
32816
30764
19706
18136
18600
45224
35172
20419
16817
12721
15024
1280
32970
42024
24643
16173
33964
10685
18316
31300
27814
41390
48531
23311
49965
21149
7141
9252
27053
5608
37784
3904
20158
13273
39040
5064
14148
21896
30119
2841
24312
25694
17101
28029
31676
14639
46611
14493
2752
13924
47871
6015
28350
2663
46823
24060
35469
15853
9419
26826
37537
19469
42047
28834
46639
12600
28828
10680
12285
2595
22113
22992
42363
40609
18195
38210
45639
49483
34074
38766
29489
9142
34568
21185
33876
35640
24199
5177
43511
33647
36474
47553
4077
7337
26160
41176
42067
41450
41919
46761
19447
19772
41577
14504
9356
24067
45293
13449
14937
14220
37370
23052
33424
7241
22521
43131
10319
21688
47535
28948
29297
31629
15905
9670
35670
33508
18055
32587
9177
7099
8800
2409
32883
11019
30399
16226
44917
7724
34667
11299
42273
2949
27881
14489
5485
26777
8119
44666
44840
3088
40958
32992
18818
48042
24401
15807
19479
10905
47622
28115
45156
22957
8183
24812
17361
14535
7297
26707
46919
40305
40168
16876
33723
4024
34441
6824
23190
12979
24294
17881
9656
19656
7623
43871
38066
24919
13182
46219
39912
6755
47397
30977
39303
13245
28459
3480
2611
16357
23317
41080
49573
44857
40459
46902
24413
44697
34062
5716
46385
35679
20638
25380
39948
49927
18225
20899
13235
21426
40544
48419
13867
44355
28306
46991
20281
33369
58
28344
31125
34592
38774
41419
12749
22919
49421
42868
25608
8244
45873
48828
3460
2984
43737
31031
12582
26893
11922
8934
24187
21213
46456
42476
15972
23771
32669
8258
38624
27140
10174
37505
25371
19930
15555
7208
39665
45982
40350
36444
12787
37461
23886
15249
2314
26984
26883
17115
9334
42742
49387
13045
42507
13387
3294
43219
22009
37149
22888
23643
8299
7345
15267
2817
14866
46688
20705
24450
8969
5258
10780
46845
15199
17789
41978
33388
36127
28552
25433
12550
17567
12051
6037
42088
34184
16528
17865
40387
14908
1104
25225
49896
29540
10042
47170
6945
13623
39839
23733
26681
30856
21380
32541
17485
49253
21737
15313
12212
13716
5313
13951
47570
25934
36508
6732
19853
44088
35386
46165
10649
11345
16019
36048
44613
12236
13863
35559
40823
307
13510
4399
554
40403
4444
4368
29082
17006
33040
9344
40530
46117
16634
26255
19495
18481
16262
24346
1254
48714
13452
12001
48394
38143
49086
32809
34873
26742
36041
8882
16222
8674
7589
17490
3029
19797
19384
20486
10962
20806
18807
6134
46958
6887
29021
14292
45747
23883
47022
31434
20353
15040
6730
7559
11755
29234
44422
36877
19814
33728
36179
10604
16486
2457
46598
16945
39006
44795
39639
2700
33595
661
37317
47799
2328
5111
6313
11129
33670
8209
30155
18091
27925
28301
19348
2149
36437
24598
21224
49026
36911
3231
42284
29389
3551
47144
38819
49612
25980
41763
47873
18876
28469
38173
28374
118
34842
49184
46892
34240
1558
5727
31479
12837
38034
48255
8031
16459
37382
42244
28746
42411
31931
28272
42515
34811
21881
12581
46722
13146
912
41889
23975
17179
27722
29153
5006
41324
43299
39254
37373
39902
48693
31345
47172
40470
827
42337
13879
21847
38349
26327
27462
21398
5964
41817
14134
25216
44271
18737
14569
34124
32534
17755
747
12647
24397
44104
29124
22776
43484
42249
19862
41798
15964
1592
17884
20305
19555
28788
2433
43665
45386
36666
40275
2257
35822
32103
16133
27465
3329
18325
42440
26776
45745
8767
21443
37801
35858
2221
15166
24302
29680
49187
43710
10128
35520
49439
2872
5688
11223
44843
4694
32223
30425
6596
27622
11361
1121
1771
6547
10979
6377
22933
17591
20459
11610
15450
19519
37
47600
23600
41253
28492
14885
13066
20329
43800
14365
45241
7690
17449
31050
49943
23860
21164
12354
11506
27167
17655
45507
39575
43671
1266
34343
29971
21316
18143
1301
38432
49720
19094
23523
43095
2907
38310
39560
672
11100
34729
3122
14897
45126
33842
44584
40382
12306
39171
10396
16149
29150
5003
5588
19533
44879
44336
45498
31285
20842
1079
10205
12641
49021
43310
24570
25220
42195
49406
9608
29864
25686
20243
4639
19369
34966
24820
46757
3066
49971
35456
30190
39440
34571
26586
9201
4357
39807
30864
9477
10726
25733
38875
29225
2184
25057
11273
19139
12486
41866
48098
38237
48280
12043
27190
33378
36314
48030
26715
45733
4801
15804
29718
13531
35281
9316
11702
7019
45268
42262
336
446
45218
48968
26077
37680
25813
17522
1556
3023
40468
38145
22355
23819
38540
11730
32874
22958
28111
39484
6502
18396
15731
31611
3172
43928
16431
29346
47427
44374
33571
50
32608
49059
40224
48055
49681
17076
611
43609
42135
31433
1095
20983
37522
30000
19951
35935
32995
20692
6812
8791
46359
7899
7598
16476
20464
20633
20126
44445
8353
30835
49427
31597
35598
200
49373
17176
39540
41054
34831
6578
7158
8021
34479
37442
36674
48177
46322
34386
41546
16637
37582
40180
43541
28042
35032
49207
47385
38356
4195
23872
26628
18375
20128
1281
10270
31284
4232
29111
30968
6807
19426
25345
42626
5826
3031
13918
1391
37014
2874
19251
43304
11304
4448
16839
38897
44103
25268
6999
20297
39007
42153
7861
25605
38527
4693
17895
40965
25569
43017
18476
24622
879
14133
19752
12062
28824
17797
5328
46394
23174
10626
3184
4350
2180
19299
4203
34826
33423
31546
17890
7376
14363
19458
8364
17496
38704
43339
14083
2983
26989
4253
14189
45202
16594
28956
49999
35691
41302
19401
4681
21942
5526
20162
17378
39810
4779
982
25881
41529
27097
31927
46804
5689
30322
4614
38186
17877
38151
12940
15228
49616
7259
32881
24765
21858
40429
34789
19585
4359
17879
15061
5600
35565
43915
18743
4962
7795
47238
48943
13094
26577
32927
2870
11337
5126
45080
6027
23715
10408
2162
28986
7937
3690
5398
47113
44532
38720
36428
12375
5382
30502
23104
35327
2368
45481
12633
38207
8344
36859
25031
20400
8527
9617
21954
39678
38263
34190
28089
15965
47284
15113
3869
459
19716
11488
14041
23573
39290
20093
15901
17606
30138
36584
34437
47566
40509
49259
36035
17259
46541
17820
49319
5368
14645
38963
41007
39089
15494
24847
32825
41222
14377
18158
27610
45464
20092
37780
36085
35477
17603
32902
20051
26203
32471
33203
5082
46901
32260
40461
2562
28051
19949
19284
6217
46016
23018
14998
41541
41377
9003
22488
34994
3721
31906
12828
7495
13539
3818
38815
38382
15263
42107
6358
3624
23994
34053
48002
29872
47439
44881
27875
17173
38733
37739
41046
20767
21019
39488
12255
17801
20040
16699
28442
43920
21238
26434
24639
34713
3707
39817
45129
42297
46874
5543
22058
24610
32856
42657
49400
24957
20529
10150
28228
44911
6924
5136
37151
12420
8825
4377
46891
28500
46809
3627
25048
47903
40645
640
30576
14668
42110
12091
39030
48157
37469
34538
6655
24316
29292
33684
20310
17818
32373
29404
38064
17727
3065
4241
29727
48586
314
41152
14922
38080
49288
31731
9396
12406
40430
34562
3274
31430
44745
2050
41655
27180
296
19773
48061
37452
14980
49522
2798
32680
13285
4103
8098
2477
24792
13819
4413
39776
31541
27496
38894
6531
35360
33951
24705
28075
8753
42412
49139
11626
25816
37809
12922
5356
47770
1000
44161
10548
19757
36518
41241
29892
8055
47069
46414
44413
23466
7886
29980
32502
15008
33189
38563
36105
3816
5531
38756
21486
34922
11803
29312
32849
9417
14686
25415
15934
2241
35116
3964
5061
4712
33920
8203
7391
48407
19467
42843
22001
19573
48370
19844
29617
3531
20663
1681
23306
9838
17715
47102
614
36876
44569
9655
43966
47403
25812
37418
32649
46184
2311
16129
29189
11947
18618
1169
13806
23472
18738
7664
20379
22632
23422
42995
33409
20943
43462
37088
38723
21884
41277
8828
27563
27424
846
18459
18784
32036
3333
29740
18085
3607
18952
36656
19378
41785
27343
28537
30787
17417
42644
18201
49745
40122
19128
8526
32768
21141
39400
29544
23099
46270
12999
19628
43748
41445
22447
18018
47623
24545
2074
43878
6698
12639
32479
27882
34558
25969
41893
36972
31401
24446
18666
26195
11614
11328
11507
38473
1726
5933
32435
19696
36255
34242
6897
46064
7065
5008
44574
6580
39307
37983
10472
4668
26819
48663
3311
46581
26532
41569
13770
15465
41386
39640
13276
41739
23022
25155
19437
14206
28609
36677
42930
42328
31360
36921
35179
27038
47410
20995
18593
9900
27702
35502
49620
741
49309
16168
37407
30840
44572
39267
13702
1154
15431
43040
2011
4859
38635
41740
48891
30853
29164
10348
32755
4316
11773
37435
21281
17894
21994
17392
34623
29206
38913
22831
22657
17343
11088
46442
47035
35445
43333
23387
18292
15951
38929
12349
38854
25271
38084
42449
39019
29516
13301
12363
15301
24359
20641
11424
13952
9442
46880
8390
22894
8027
623
7835
44651
39874
17007
48103
36531
49526
26970
22279
7240
46716
42312
11917
26740
7295
41049
11915
17462
2301
18267
9243
35828
10299
24786
45042
39703
36560
45502
27445
45070
24007
37252
18621
21416
27928
46045
21341
38537
21529
23698
11873
22434
42551
24036
43235
12900
9722
3871
29396
3468
19494
8030
15454
11010
27617
47174
20984
5259
47186
9359
8533
45658
39636
2258
21809
46690
42738
39230
23868
33051
29975
42606
30500
36351
8941
20590
10079
47072
28411
30581
39330
47026
35884
42497
4363
11026
44831
40100
28196
24844
28897
22503
27665
38321
47224
37379
36134
43254
31296
46793
31209
5344
10562
15268
47114
31109
3909
2600
40206
10157
937
10988
800
38654
28685
17844
24107
24706
34490
5832
15764
24704
26264
35444
16288
39565
37416
2297
37518
37162
13799
48039
3649
43817
41680
3580
16671
3865
22688
20754
17874
8961
4786
13595
28974
36126
29631
26783
16509
138
10785
7902
383
28216
3190
33797
7222
45120
4879
32183
33603
24117
14665
27205
34461
27485
7657
18310
41191
27237
39382
27
13939
32758
41650
28860
34212
7604
7540
22444
27947
19100
47708
16035
39398
13557
6318
16464
33195
35885
48719
17388
1240
35903
40942
1460
49669
49952
15607
30575
13816
19112
31660
36054
34599
46421
14468
37599
26139
37834
10431
48434
64
28235
12143
19140
38146
40131
14712
10188
20396
37931
38690
1102
27160
9657
43574
28332
42239
26159
5630
1753
41076
31979
39273
32010
28296
31736
2197
45597
23709
26217
38454
43496
42768
4662
29285
4170
7256
38075
22443
22226
35738
4095
24708
11545
14395
18019
17112
17436
36265
3629
48927
1347
43569
8053
39843
43672
45344
27970
20713
46960
26064
42536
8488
25440
17400
6806
34695
42229
38377
46238
23761
16498
20795
42484
18658
36913
2529
7704
44455
11801
11535
4019
40652
49903
6863
10239
6600
3686
31390
48798
37487
19734
11617
42355
9881
36715
29499
6543
44362
13061
7244
40643
36658
9709
15467
30246
11167
31531
15074
3560
21237
13240
12523
38175
11420
23566
26241
31738
14529
9925
32168
16975
21143
2932
23375
17809
33549
28886
11559
874
8135
25763
16312
41555
2560
29566
33786
2172
46192
19428
2355
41525
2795
29654
36104
11094
22043
35215
32242
23944
18075
23490
15988
35571
11241
45497
11342
28422
14125
41418
22671
15198
2342
37883
11378
9747
13515
14647
38633
20862
28910
3744
39553
37148
49091
7230
44676
12535
3997
12547
37569
13810
30426
5201
36688
49315
18749
21089
31123
6446
1083
32938
34625
28619
29739
17244
240
36563
38407
47446
33745
26376
8257
22327
43643
33983
5625
27395
42509
29525
8845
4353
33590
15241
42597
35382
24127
40537
42978
4447
49682
14768
46447
25346
41875
5601
19547
5442
27618
20256
3712
129
41084
3041
3036
760
19177
9441
32135
9775
48702
8310
14036
27598
11324
15424
45995
19294
33761
15094
32535
49898
16604
49107
6200
72
13423
1883
12007
31733
34692
39317
3356
10924
2229
18049
18337
24308
31179
26554
34913
40092
10741
15204
34244
29430
6114
35956
19793
19755
28123
30193
44887
37945
5550
33857
38785
3806
5911
32740
18845
29138
977
4014
45776
11894
30116
1450
3282
16912
41605
17484
13177
16203
25996
41022
37925
29946
49894
27438
19670
5007
14131
25940
45584
39588
25463
49980
8502
8826
33736
665
42425
39531
2222
34999
13168
13971
34710
24281
8792
23061
13429
3951
25835
49534
29573
27242
32239
12681
38548
29825
1879
26583
32617
13250
48672
35102
1831
13899
20716
19941
7793
43357
13577
8047
18265
12590
18320
38441
32120
35733
28017
30549
41289
17227
47563
46395
35703
31217
15591
14788
17190
47751
40009
36463
6883
36053
36629
14539
8249
12748
5267
23366
29476
45772
48817
9956
40970
14250
46565
5671
11931
6072
18036
18967
6679
43653
40950
49278
17177
28983
26660
28782
31640
23082
33683
44218
48878
48456
12057
30812
47433
4604
42125
20620
32215
41895
35574
44987
30580
10074
33141
18640
27797
41830
6455
8789
364
33646
24522
1601
11252
17819
28011
38182
25825
7460
2403
11338
35079
7425
33973
36701
4235
35492
45810
19272
34006
37917
39185
19705
48906
40648
34960
40318
33385
40134
31986
32847
40335
25647
5226
8211
638
12944
20939
14917
41059
16760
42356
19880
18016
43961
43968
33925
33330
2364
11529
44809
45406
19230
24695
40852
14304
16909
34372
2947
40091
23298
8313
27620
38957
2755
24630
33030
24064
7743
38679
8242
32526
47823
46021
5263
12401
14039
8716
37835
8891
40297
38311
34383
10482
34737
9991
36172
43434
41906
49853
3763
10025
44931
12173
29122
37447
3016
35654
26587
36901
2540
31583
47653
17840
27065
47371
20240
33049
45600
16949
21580
7120
40708
17098
22380
45361
47988
2094
40780
24027
2510
38681
24204
24368
2768
6082
10520
15470
44262
959
18293
10842
33214
49643
26176
6041
21045
12237
47449
23766
30096
12928
42260
25804
38709
42876
29452
6040
49007
898
47333
14111
806
32235
28859
33086
46201
40871
33691
4128
726
25322
42205
598
31787
26116
7333
7713
42730
6259
7888
40802
17442
18869
12107
21763
41101
19508
22
23858
6511
36502
41037
19877
21839
33663
25936
49027
24293
6612
47200
38234
7516
38588
1614
32590
34436
47033
45987
26396
28826
24017
43132
25424
34723
15925
29799
49283
45565
28907
1328
10333
4442
43018
5996
28122
28649
9891
37036
49015
13916
37843
33174
43557
45063
31819
45397
7128
45363
6214
39610
43
17247
44340
31829
34619
49565
40341
4751
10072
28335
2571
38992
12324
19381
29475
42758
20624
40077
30813
48306
22981
46173
45491
13099
8745
15187
12630
1053
42097
39514
7234
21105
23463
33008
47716
35484
36675
11387
44649
181
29835
1457
22563
12880
16127
22708
34305
23832
8664
18668
13314
45818
44155
47817
1415
2567
4612
44906
5696
49825
49890
21056
22454
19923
10861
9108
25111
42330
7439
28511
37334
22373
11375
4194
16046
5809
24190
34237
17277
44206
10579
43209
23351
23128
24602
5188
25127
12110
26699
31990
16358
2412
21310
8075
49837
47672
27358
29612
2545
21138
36734
35165
47829
16554
37216
9034
20234
36717
21280
32079
16371
21967
36514
42616
17043
32787
40982
1003
13453
46307
13466
43853
44506
46272
40176
3622
25055
22569
16842
41591
6874
25270
6265
19268
43409
41548
6417
15907
36008
24715
38019
49847
5256
35726
46693
46954
42477
20858
36412
1560
8662
43227
13450
38121
170
2378
36812
21336
12659
41717
17158
11600
23126
8861
15219
24104
8887
43583
38906
49030
1895
46262
45652
32122
31853
49524
31007
896
37269
11631
39219
46444
33121
5472
14679
12444
21725
9761
33573
37143
9707
29828
15020
37161
30225
9041
16942
34421
16379
11198
2300
18194
40401
35709
27185
47498
25
14492
20208
39231
41672
550
18757
5963
5161
5782
37833
22242
9621
3612
5509
45195
20448
36755
25197
19673
2420
14020
13110
22295
40737
41599
23632
20722
29509
46918
29351
26288
37920
33543
23325
39961
25184
17748
21223
43676
37775
13074
46232
22275
9730
17487
13299
6771
12539
41293
10954
10116
10696
42766
6576
4455
36980
17973
46513
23182
18552
25637
45559
8014
31211
47099
1837
30180
12295
18410
9421
7730
1042
12307
37690
31540
8361
13013
32708
16363
17678
34399
3505
5192
24194
8473
17486
16535
9191
38185
10054
33644
12829
14844
34037
45737
25564
1843
15667
29254
40027
4583
31383
13372
44956
23502
33297
17673
13188
11143
46093
25344
38998
13961
1326
8876
31718
48781
13476
5429
27950
47594
10622
17316
21228
8723
34210
4781
36977
31999
3880
3407
32071
9703
47529
9586
20449
31194
27243
36931
39364
40594
21091
41920
11889
4677
49181
46564
21026
13734
43515
13268
13044
42683
43654
42305
47041
28566
11564
49336
23400
45097
39167
24614
49868
4798
22086
6716
44348
12427
20825
25645
46744
41743
45969
48733
23489
21293
19710
28062
18389
35983
505
16241
49877
22983
6539
14210
42066
23462
19948
10670
20484
1282
24483
29182
35404
11474
30959
3009
18440
32918
14506
3458
27663
29517
33084
42213
39409
46274
40830
13415
10641
44466
36739
30008
30747
34033
18434
42329
29772
32208
27370
20350
47248
34934
37854
32118
8500
40572
29279
10046
23748
16216
39405
25051
37037
381
29187
21051
20563
23521
25362
25458
36427
46604
29199
44949
47146
35846
30493
18409
21707
35947
11056
18038
8441
41167
30758
25736
47222
15619
10502
40345
49462
6367
4291
12000
29922
44913
17733
32580
27341
17672
39712
13174
27856
43596
17494
96
22624
27317
29764
37590
11553
31221
3221
20964
47351
21723
37638
47094
27280
22173
35886
29687
18169
48310
22830
24891
3776
20054
30274
47423
11925
33421
38794
13558
45429
18449
1665
41318
10969
10354
40694
10769
21778
3518
15427
37706
14837
33794
29955
35018
34067
38555
7467
25772
6979
43642
17169
35613
47517
24742
36122
13600
7383
21277
44983
21356
34253
47696
42953
24256
32549
25932
6660
18353
7771
7381
5824
48140
2453
9664
27899
6697
34182
4270
28844
11318
34731
15128
45712
40348
29397
38203
11122
1081
36017
36092
6847
13620
14120
13533
37842
18927
21468
412
39332
48657
12297
20990
29603
25788
13223
31444
34548
5514
15488
26686
25102
13669
13332
12501
14760
1036
2367
39252
25154
1926
11641
1311
31893
12167
1357
3103
41313
8506
26348
44695
7521
3715
3494
4826
11013
14699
35859
11850
22629
9112
38244
31817
27778
62
10881
37159
32046
44196
8758
39360
35186
14072
31055
8909
15877
47755
23337
29873
37497
36955
30166
31000
46185
11934
37496
19750
14161
13215
49557
27123
15282
31562
14630
14080
35192
4770
39025
14230
3472
23624
4688
47021
8505
38607
17659
39284
11141
39620
5825
7082
48763
22368
31507
18587
33580
11805
19944
40816
25097
22820
46488
167
30419
17370
40841
42898
32498
43200
949
18435
48427
42132
41828
42184
4933
15802
20282
10663
14141
28390
46768
38784
33662
39629
6094
41032
23385
31104
11770
26871
48964
11467
11360
16795
27640
25509
17235
41381
8993
41724
14987
32656
32496
169
14201
35458
8419
42008
984
9717
41430
4912
8056
33769
40532
32443
28224
8581
29584
19419
14637
18741
38140
21879
3799
6818
6833
8594
45865
29682
38
45527
30908
29268
22734
8867
39277
39715
46563
36933
27801
45967
7557
34031
21350
35686
47191
34676
1117
5109
33793
47210
40380
12899
28137
34292
27173
43053
24286
44267
43513
38801
39441
42085
25865
36869
25114
23224
17222
15409
10805
18331
19265
41773
12866
41473
22740
29878
18373
11481
49782
16686
4491
37467
9276
48705
1955
6418
3493
28549
21652
18988
49234
46832
23884
43032
19152
29115
12381
3800
22987
15086
43936
42048
37606
35531
49154
42645
27675
46551
13619
48362
17740
28463
24552
44618
10767
5943
155
14611
7893
11869
48539
46760
32870
42163
24273
136
31290
28037
31623
19178
33470
6995
46984
9025
25674
3530
13881
8582
4744
8236
28968
7205
14251
20327
37146
408
10021
17611
38780
44388
10068
13837
16229
31293
31756
48484
4143
30279
45240
3497
14290
11388
8356
3443
19421
27139
12283
47006
19191
36841
37274
48466
33999
42881
34736
35390
30643
43610
43008
1163
17338
3089
46575
6439
39161
46552
35655
46293
407
6413
34427
42413
4183
48485
16304
46020
9702
125
19596
27437
39242
42989
25622
15021
44210
8596
12182
3254
782
6910
34974
28023
40763
23254
29958
38022
25058
2936
34144
3206
7188
40702
17578
29370
33451
28289
24627
1686
48100
11689
15588
11527
42096
16059
8436
32126
4821
26619
38734
9476
5975
46978
751
4144
49019
2411
16144
15404
29981
42805
20698
42831
41014
24306
5576
19078
14077
31498
28252
7134
41504
27915
13698
14655
23956
17824
41173
19823
23139
7846
12542
21040
27406
40794
33445
24042
36822
6952
35383
44728
29373
43518
41107
17356
33235
10754
2919
24751
41334
18628
1268
45644
39494
49584
40173
22858
37530
5978
49374
14341
26815
24693
3668
19071
13063
4127
11473
42888
6537
19707
26616
24482
28100
22225
36313
46172
9654
29155
49218
27149
28873
9105
44037
4960
25911
15836
5558
25979
489
34211
9847
19929
38154
39209
38399
2129
19950
10965
9027
43351
38456
43576
9808
35141
19227
887
5665
45238
47192
46895
21617
9912
38729
45354
1484
16918
3111
5982
22079
22055
42485
4794
35831
2348
4610
21236
3987
27823
18936
37173
28213
13259
47861
8187
20173
18202
39301
5482
34688
26799
7149
19331
33098
43169
42095
26115
23960
4508
10398
18847
31042
34793
36511
28193
41635
44960
12365
46158
24942
16488
23951
35093
44880
49744
5634
9137
48322
24471
7972
20566
9701
48543
25797
4633
25039
7187
10908
10715
33994
36285
38147
33198
29726
34276
27670
31836
15969
13437
14806
6326
10900
32004
45105
14236
27701
27159
20919
36029
4741
29233
37587
28567
9929
45764
213
30361
8087
1903
6787
20572
11862
17714
42334
20211
44468
0
11327
30101
21760
47178
31006
27379
24843
30199
13464
44018
17778
8692
6020
3764
39697
22215
31350
21265
47593
14867
29741
44066
9207
25648
6154
40999
32959
9124
14150
28764
48821
13962
17194
45922
41533
22378
2622
5165
1914
6996
313
11395
27937
34586
5548
12916
34824
13095
32742
27073
38602
5786
21470
9563
2994
49843
48101
31604
21107
11380
45143
39840
41240
14515
8174
28973
48416
9189
17073
8323
39133
20856
1829
39017
44558
38884
30435
4434
2158
26298
36990
35593
24532
28892
21064
34536
30030
20230
35370
18788
15123
40666
19141
38093
33020
9268
22700
23855
4765
29130
4186
32474
6350
3021
27128
20543
7696
39930
4820
45549
29535
33160
49555
2635
42343
41036
26136
23941
22936
14811
48108
36853
35126
35812
10509
44067
28445
2988
944
18943
12175
27902
32957
19415
42807
7491
47150
48765
1706
2003
33140
2446
43608
16258
31529
24767
41383
3931
5848
47762
34862
47181
35396
28863
18438
23552
46562
48675
39419
41416
7378
3139
5564
33344
38627
44986
28199
12416
45149
32764
24553
47924
25757
33649
44550
37967
1812
44834
24910
31314
14580
27025
21006
46886
40550
21558
49415
15546
47454
4632
28927
5157
13144
48393
28652
12782
21096
22249
40591
43029
16938
36753
911
7714
44655
49094
29219
16828
30229
23259
26832
12473
29186
13821
47128
26756
21690
11515
5991
3626
41859
49638
30675
26973
24202
4841
1453
3540
10902
18359
10584
2815
20773
28376
39925
17046
19852
46689
9240
14437
35706
22721
7179
8863
1694
43232
8408
13499
12950
684
1194
37903
31406
41363
17607
49533
49814
23918
26349
41027
12506
41165
28618
24869
33866
46055
19220
43783
32589
14797
37227
15271
35976
4199
49997
46046
43438
12776
30854
17168
5872
19517
5755
26702
7681
1773
15984
48250
13779
16484
40556
19986
22753
22337
26675
3061
47581
48529
37986
38079
42938
29578
10366
8574
28747
23265
42265
48344
43159
39060
30540
41784
26951
13970
39116
30601
38167
43499
34559
30016
9125
46256
5667
45296
41678
28535
14902
32306
32539
38923
41337
30860
44951
19285
15480
49499
38493
9511
47712
21441
26429
6827
21499
32942
43039
8836
40729
49609
4692
2113
4364
48635
25993
34641
4329
32466
24140
35605
7212
2952
39385
31094
4012
16414
24653
5315
2664
44269
1762
40503
17325
35294
42579
438
5840
39280
33712
39049
716
13281
15599
4780
7498
15457
61
29333
12663
22611
32253
14372
25748
39041
48368
833
19665
15132
36771
46692
40677
4853
8312
10434
10456
43150
2942
13475
34352
23063
18773
28505
548
5225
31277
45954
37794
10204
11207
34801
2153
31746
46587
28894
16280
42997
35924
25960
25002
27388
49297
25849
14704
38178
17426
46480
10020
5375
45762
25174
22426
36793
9332
2810
44764
4937
9623
22100
16341
9723
41319
39728
12986
46494
36752
21392
42741
8191
25044
45438
8447
27871
25139
45352
46656
13932
38800
7283
45227
33535
19650
49252
9073
4274
35682
47252
19730
19639
19690
26276
35135
5591
26661
18102
47806
18421
36131
1995
1001
13072
31488
1063
40372
29790
109
11383
36762
2504
23564
23751
12197
39453
39339
49748
519
38269
44061
37391
11844
6167
48811
4277
16111
32093
8658
36319
21728
47159
31260
44736
47841
12812
22557
13396
12511
39288
42951
39684
14464
13233
33325
10098
29154
9759
45932
37444
37916
46388
31499
9097
18644
693
11021
21435
12423
23227
17135
30362
22204
29023
6340
7094
34540
20298
32076
48971
6895
34937
6599
41518
7779
37288
20059
13023
34337
33584
8294
31447
37821
45828
48188
12316
11408
45986
33770
34070
32661
15028
29310
49056
48260
696
26892
4557
18575
15580
40149
36040
24591
27893
39229
29712
35541
1027
41542
13172
3777
40848
21949
41708
37446
39876
30829
15840
29930
22909
20152
44828
47824
11132
39063
8161
20702
17092
2658
32647
35266
5736
32683
17437
8832
41853
9906
21941
645
42556
10189
27780
33801
44036
3903
5896
27478
27687
43809
47335
8886
29469
44782
35558
23399
16350
4315
9343
42503
5444
48004
10552
19432
23154
3455
29160
1567
35046
37275
6274
34893
9487
48999
37453
1370
36976
43927
43259
23877
15
22952
14909
46846
37016
36100
27463
41439
6973
7614
2418
35782
32391
20554
27859
28802
42277
25176
16176
21836
36744
4287
29056
13289
9092
38274
35939
45410
22177
3847
29462
20522
15990
17084
37899
22409
2804
19661
18024
39163
30366
48983
25890
32012
13277
44366
7703
17837
33703
16088
45898
24480
24376
12824
20290
47442
7032
48473
49841
31703
16742
36538
35366
47681
43012
34815
46506
13720
32397
20258
23916
29030
42360
2295
9789
2015
34544
40783
6460
48325
33551
10147
20016
49834
49757
43727
25644
13352
42372
31760
27493
7133
43329
27892
33902
43273
27009
9768
45971
36073
14244
22874
16432
18068
11548
25032
43120
20418
35298
7394
451
39781
44552
8997
49344
26870
46815
28691
44723
8586
48165
512
31160
48467
27593
19214
8531
21758
1371
21862
34398
40799
21005
40437
9903
4963
5230
10879
40467
18428
47707
18204
23089
37640
33542
24663
49227
45333
29582
19584
45482
34527
27770
10039
3538
34864
46627
42973
44705
31545
23641
30798
40034
13551
35014
16824
14899
16427
40668
29534
48989
13261
37117
23774
7941
30743
32186
30507
6788
35241
20470
26304
36055
47336
23434
42880
1367
28817
47318
34635
46183
3008
13738
46400
27734
25091
29625
1942
37009
17651
29170
9293
13034
31149
2990
19053
41476
27795
5282
40972
3631
10287
32616
17878
35805
37900
44496
29650
1851
38448
23480
284
25828
4319
49621
18178
35358
34637
1600
29926
29477
5902
31341
7195
36794
36830
15592
17923
33118
21250
14336
16006
16153
525
18001
13893
5060
25049
20578
4941
41263
24879
38628
45903
30760
8958
4776
7797
37166
45038
30719
36653
41713
31102
28365
27329
3511
14026
48184
39504
22244
43556
2043
29722
25583
33953
24486
45479
34721
44564
6997
41690
27812
4358
29087
23070
29017
18039
31309
18454
15558
38008
40003
17742
5871
38001
49413
44783
40875
8289
34919
21717
23253
11666
48048
32072
38065
43794
30154
24650
12602
45900
561
18973
36180
6508
28798
42263
41420
16635
40611
6569
33544
18287
28943
40857
37417
875
8247
32101
8598
15341
15572
7866
49822
22947
41716
9290
27451
11282
27212
3939
26363
1364
47451
40670
12665
33575
32393
42537
20814
12145
32695
35569
40302
11203
9880
14557
26296
16191
7316
35427
44378
22061
41833
37220
36831
20046
11745
40352
35762
8644
12067
41557
34600
32381
3508
36559
764
33370
256
32431
32199
9028
25172
37789
34112
29487
24126
41163
6349
4245
6021
15889
25974
23415
34118
42886
35890
3369
29655
10416
36607
8977
34613
14977
33033
47588
7685
591
42934
42122
24068
3275
6792
22502
1204
34014
40261
37868
5868
30639
36810
2430
43403
6561
49989
12767
49944
21444
30738
22133
44819
8461
936
48888
6123
15760
48946
2989
30874
40343
7599
44405
44755
579
27728
49718
14779
10385
6702
9802
22515
13516
37581
5563
30484
22122
32710
48889
25766
48738
3015
14856
33149
12717
5969
44591
30922
20168
36882
37378
36185
28164
28058
4964
10447
34583
48982
25561
24087
34775
34138
37649
19374
7931
47756
4572
8910
7053
35425
24152
21883
26711
20915
23361
27757
47053
49502
2965
25802
940
42490
2014
14291
35234
46739
39214
44921
25273
36613
17582
18525
42847
2894
27818
10217
34316
45148
39537
44800
42131
31311
33967
20953
232
9652
48465
41879
1177
49570
6798
22014
13978
14587
24702
24571
32554
735
1490
19859
26811
17619
12017
13662
32509
42451
8
46186
37051
44400
8095
42621
22183
22685
27328
818
13159
32026
7374
22924
30588
8646
17954
24343
46361
47286
49363
14199
10745
44653
10710
34342
13242
29059
11366
21605
26887
1589
27585
33337
2470
5266
4233
30745
18291
6175
41467
8573
42949
1714
46355
42027
705
19589
18277
44978
36231
44178
49236
20103
17734
40113
42247
47066
1127
22228
36650
12153
10288
34219
27577
18472
5156
18458
22661
16526
41931
28608
17910
48390
44357
22274
36293
19323
9314
45709
25982
12555
6339
38235
14021
14772
5276
26357
27405
10786
21567
6914
36267
12317
17843
14360
34011
24050
17116
26044
6775
9531
29591
18214
23289
20736
29456
23663
4296
41972
4562
20143
30886
19151
10091
19657
43876
26294
31127
21769
36023
26927
25454
16291
10242
20323
5801
39093
40573
43028
21376
30463
5247
10170
29168
28571
14861
17930
21124
8189
49190
41235
9088
25585
33315
22533
40810
19771
45834
34045
38213
27213
31634
25931
41883
30952
27508
45949
23957
44311
34296
22261
12150
14482
43536
10360
8417
9934
41927
40412
49580
48203
28666
15708
11794
13511
49182
39269
28590
39634
15194
47522
23614
36585
20918
47061
19898
7981
23456
28426
23342
26847
38629
21608
17384
41703
1856
39144
1901
2711
688
5304
2526
5379
32692
11459
28713
26488
45006
7726
25635
29632
35178
5212
27913
30779
44662
13102
18520
40376
508
14519
48572
40248
40379
27171
6118
9553
35907
1387
15810
32784
27262
4510
5222
31551
18073
36706
15699
1822
15898
48148
8921
27847
14257
48728
6233
33831
2036
19101
40067
45959
36257
19594
9197
46299
15771
890
37374
48778
31845
46584
33007
20485
15722
25630
18283
24769
41544
30938
33109
23429
18115
38592
43258
36817
19049
13974
48739
48287
7266
21681
39556
23591
11539
37414
12734
34377
36322
7997
47231
10257
36663
44741
35362
46750
14752
4985
7051
11659
24600
26113
21420
9352
35857
31235
2893
46156
21882
8711
26048
13553
43593
42506
37817
6376
1795
42227
46286
21871
27070
2948
17693
34573
28585
23046
19018
21083
25026
8196
9289
15210
17355
19095
37223
46870
26095
13935
39544
5020
3108
18511
18130
19599
38945
4427
17935
48713
24327
19619
4885
17035
29801
43404
29443
1728
24526
11321
12729
2719
24395
6680
29593
10523
37264
39643
27145
31905
14474
11286
48431
576
41988
43937
17052
17015
25633
18103
40747
31616
1489
25971
17899
24421
5073
28157
48248
33009
4375
30358
24737
8906
40041
22011
11811
6285
15030
20530
29217
10734
45663
28638
26047
12238
22180
9171
39043
10030
12649
34646
48526
28050
7562
10498
40693
3185
49368
46503
32998
16211
34927
4752
36479
17924
36002
15825
9932
17541
15158
34257
47757
24243
10352
26112
13436
40344
3128
33765
47959
40787
37112
3788
245
13872
18185
16126
9857
7389
32756
39088
41138
28052
7414
41092
31549
13730
32062
45069
4531
14771
49166
15183
31658
6925
45908
36181
33645
40479
14485
16283
42582
1407
5021
7817
23822
3955
43133
20443
49206
29493
5642
2202
11242
31161
23584
33277
35861
21202
13407
179
14733
37902
44639
45185
27669
36891
42199
4198
22787
9777
48901
33919
18228
32360
35639
19875
38676
18187
2165
18413
21647
38118
38040
28249
32675
21506
46160
17708
30534
6546
39417
1744
44864
17252
15621
26409
44681
15871
2436
439
33231
22851
8978
1202
10037
21216
28673
37741
46211
25200
36385
12515
16128
21943
48507
10036
11655
14757
26788
49940
34492
41836
8354
30555
45422
29861
46145
11695
37763
24969
18627
10858
39055
13992
41804
969
29502
24120
22526
44543
31712
20621
45045
24871
23554
14271
14969
16788
21893
33882
22844
35665
17201
41010
43960
22218
36637
33563
11676
43731
2818
48323
14163
8860
31280
16925
41464
15442
25855
8465
870
40138
49912
28179
1116
20013
12011
6582
32557
359
33617
2857
39927
37705
30969
25874
23296
44482
26228
15016
42070
20683
36042
31364
27873
7642
44276
2996
40011
14478
44369
20506
21190
26692
36030
47123
4942
16937
32769
46222
45655
17275
12094
4636
24261
17315
45017
20740
44919
36581
2349
25595
24332
26957
17050
5855
11430
12490
20542
4593
12701
20178
45534
33168
34055
47661
3918
21382
11858
21220
28183
16880
40593
9074
49702
48013
5327
29721
26734
9985
41486
5170
9038
30352
16398
41782
21878
3378
16417
3784
37811
7373
8639
12712
31928
36320
16103
9111
34357
1223
19900
45739
4721
16883
8685
24157
21892
24517
22946
9478
19935
2530
49158
28410
12855
12567
