32286
10975
34749
14147
35643
9763
40289
1296
31762
16123
32054
3515
6575
32935
6104
6858
33394
13454
46526
7490
41429
38418
17198
31322
21241
22170
15587
27876
35786
37270
14904
4440
37061
45157
5795
33607
19084
16158
49069
33287
7091
35414
31976
41849
13003
37488
35045
45777
27921
29890
16246
9156
43091
33275
12372
48998
30272
36504
28522
28030
5088
39511
29074
7352
31913
29424
11297
15042
47814
2028
5584
422
48568
35023
40884
2976
31567
14914
5831
36045
44988
16840
23840
20802
33361
43627
20693
16799
19115
1583
469
39294
21393
22251
37878
7794
24965
16049
22354
14848
43795
42699
41846
5816
45106
15411
40418
35460
24661
28594
24907
37562
38031
14449
12418
10912
39974
3496
42798
11054
48523
9522
13495
23103
1300
17608
12993
36198
5802
24632
26903
24458
44087
26471
34950
47837
37423
6056
32757
10087
16074
38928
34977
20265
47290
44932
24096
30243
1184
36661
5592
26205
7201
13309
17859
32389
41220
26329
33050
4860
41774
47639
39657
16491
11521
10770
1183
31581
9042
25827
49299
19309
27305
14392
27416
48718
7775
49210
16933
47024
48750
36520
48908
45820
23389
7837
13858
44734
26641
6801
16588
31662
9244
48754
19077
24718
47264
28785
17269
8439
46636
49176
46275
42079
32982
49467
3905
28890
32603
6111
14818
20646
7146
7610
46187
15577
3684
13394
2227
15513
10358
15087
5562
17718
28343
46354
8794
30723
36182
41610
23954
30791
48104
18208
33602
47507
858
48342
37205
18156
31381
21360
40190
41631
49849
25852
37589
8532
35049
41307
40320
1477
24239
32066
6420
6628
6913
22689
8076
18444
34289
41501
18912
10716
42065
13007
2236
8265
39015
5798
29624
13175
42454
45280
25167
2535
49233
36133
17382
46649
46852
14349
28242
15831
6000
5731
31384
40322
4710
37788
20226
41434
7417
7307
31328
32487
40307
47990
7292
10402
29494
48554
14542
7496
31944
30709
14323
21130
21609
26018
47546
28531
36476
33505
7435
18465
37726
19091
7501
9597
14128
35626
10927
8342
23481
39805
19718
44559
2960
40938
46419
20279
27210
3201
39384
16302
40478
41726
4057
10713
13391
11257
13829
48447
13540
17390
3759
26837
47214
7452
9077
40370
42192
21086
6284
29315
12188
6632
34108
17595
27709
26124
3703
9594
40267
47533
35222
46508
40083
22335
21765
30623
12193
45571
35225
23578
39435
25383
31965
29289
30329
15077
5012
28766
34804
27943
19695
17213
2085
39957
32459
43199
32625
48128
39757
6875
47965
40021
34843
49576
37588
40323
19390
33430
8816
15095
34008
14256
30573
12727
15922
38137
33614
32229
36371
26009
49632
19531
25369
33941
5783
38886
47701
31565
41426
16572
38068
17946
35592
17002
20239
8622
18799
6267
38855
9460
10327
31229
30314
4125
13728
23060
42017
2657
907
35988
26553
47289
13231
4204
48655
35971
47858
41636
26971
3456
31392
23374
14272
8580
49240
600
40303
47258
41809
1915
142
10958
10987
17687
32803
19924
30409
13008
30905
25435
3126
42128
730
48987
21400
35760
43387
33576
39143
4536
45654
2763
38650
46738
40334
2587
31560
8654
23218
2850
8452
788
40630
9159
35560
15116
116
2150
36404
39919
14005
16861
29923
28185
43796
18273
4932
44771
15661
7582
19729
46360
48772
45187
9089
25731
5593
46305
21077
17685
37845
8422
4034
14030
44821
2538
43728
8842
16921
22029
4041
24339
1499
43372
30093
44839
35354
46749
33673
22704
42945
24353
48853
4493
7870
776
9692
22707
40941
22119
12777
30706
21014
18203
21894
37978
34202
17220
2296
7971
16999
1324
42767
29733
5235
18448
38180
406
39492
38778
35897
27834
12948
17530
36068
23894
30589
8757
44454
22044
27039
9187
40891
33720
20745
37593
49905
47921
12560
9732
44893
18026
37304
49464
37010
32575
34001
22298
20977
17583
29696
28173
4866
36864
8437
28367
8634
32127
47168
9834
15766
36173
45426
38014
3573
12854
11657
24996
16390
19578
16041
9867
13127
6062
8847
31934
24248
46111
34217
7602
42366
25317
3242
2126
2559
44968
48437
46723
45089
42614
23587
27412
23692
14127
12982
9694
37820
4659
40833
15989
25309
2232
4461
3872
31458
24032
21475
32128
33228
17376
39970
35612
35833
6412
18633
32317
14352
20361
46122
17063
11851
36533
8489
2111
25186
38694
38832
19109
24798
20672
11880
28796
6143
43489
20428
27677
42331
39991
42220
35184
34309
6264
246
34572
4849
37816
41048
42828
39392
40676
3393
28946
18183
355
23533
47805
25348
14343
16253
49690
21210
43943
43685
31915
43959
32401
6677
22350
42492
36003
36644
13087
26286
49554
9151
13164
48106
29326
8015
40606
28923
48494
20911
2921
7021
21411
42716
8661
14286
19326
15716
15829
21449
2171
32073
30579
44650
12923
5421
16202
7363
45444
4029
13028
47386
42985
25329
27955
2516
12117
36377
3935
49736
44264
37692
26033
44791
15088
65
3605
25526
36213
37541
30347
25159
16698
15968
36751
36523
29844
43381
31665
48782
42020
47230
14142
43884
35270
11248
43280
5512
29730
10191
27468
43084
47126
39915
958
23927
29340
695
13048
48601
7558
48326
4002
29978
43714
27539
15756
8094
42388
1559
6271
2441
19602
46181
7114
40079
6299
41776
2486
37844
38043
48201
22878
6635
44495
8952
17663
24701
16633
28407
38707
23720
44456
4522
24898
39250
7361
43464
791
45255
10835
2198
5968
32975
43415
22006
39169
3326
30811
44240
43003
10486
10419
6061
14777
37237
2331
3169
17986
43702
44259
30557
26614
46180
25638
21824
45813
19332
23102
46463
15944
23874
4105
6297
2157
8496
8764
26188
33107
18477
26057
12796
36096
47577
47571
11195
5919
28044
1432
45108
28624
40539
41831
16950
23892
16322
31069
15207
30746
31386
20356
8186
47742
22745
41523
48236
2844
3410
29995
21135
29863
37074
266
16012
12524
26361
18969
1990
1704
9609
40628
34440
46781
14096
40153
34161
39523
18766
41818
40981
46349
32370
5815
20604
18604
27220
30188
9397
21480
30833
23477
594
41242
47612
30648
36063
35017
21066
33893
11783
2272
6803
35205
47017
1815
9109
11859
24505
24592
31702
48532
24077
32096
43575
17096
39736
10303
18120
10837
12878
40978
36044
1881
26201
13409
47268
39111
24981
8797
25651
16814
48863
21266
43781
27408
4970
23677
34882
45934
48590
2132
39528
16613
1797
38789
33776
33993
4307
20232
24086
5580
32258
33001
14386
36795
43851
12176
11625
21555
42106
16392
48078
24338
35528
48376
49606
558
27596
14756
45011
48856
7232
49784
25873
47690
46197
11820
36208
40896
33469
37631
17735
42813
12103
34780
21099
7217
13486
5130
39695
44243
29719
6334
17622
40069
23282
99
23653
46533
40446
22483
3357
11093
16630
3914
21047
40791
11169
42474
39031
27725
48006
28760
45685
33182
3331
31426
44183
34993
18801
18576
8028
34277
38604
32291
44370
46613
49455
20337
42321
19820
49082
8059
37034
47078
9545
14678
36028
26245
36953
36222
35881
20883
21218
28127
5418
46569
44329
35430
22082
6760
6345
29775
45915
40887
24479
5740
1981
20390
47127
29157
11120
20442
18473
39506
35381
22705
16506
15604
6703
24956
19712
9370
7135
6707
9561
19241
24382
29533
37344
4615
30443
5916
10577
36189
49298
47826
19305
10704
32810
7304
12086
6710
48085
32145
23319
37433
47728
11944
19969
19623
6974
9944
30289
8637
31547
46426
46684
12617
26401
48911
25358
33056
42790
33375
47925
25160
10228
17754
9039
11340
35356
40529
17475
26875
31765
5305
42071
32415
1032
27177
25470
49650
47963
9769
1113
15694
43799
38773
11538
26855
1668
22266
37592
4650
7060
4452
29580
37249
44842
12850
2722
6192
40080
27045
36480
47409
38559
13782
34773
23726
19669
2911
32086
33441
41633
19463
18930
40152
23047
7076
41882
23499
3147
12871
25998
35191
20021
24184
38958
39351
14277
4229
12171
11283
36573
18461
12157
7015
28381
3442
37619
29708
37921
26519
37198
9908
23647
10500
39815
47626
2263
16452
33681
234
18981
14990
47767
4973
48917
18217
6303
44375
22939
21593
33081
40543
46537
5903
42781
26987
35870
33502
28186
48268
11192
5176
2375
46585
1994
40416
46653
48963
37663
45184
37600
16729
7320
28749
44659
47162
27469
30349
4260
46401
37607
44344
5750
31503
39630
40660
28293
30517
27692
48626
3874
17796
9100
18452
49262
39300
16439
42200
35933
8759
765
15639
9649
29359
25522
9504
48000
10210
15489
40724
47785
18997
46418
18329
29253
14378
18006
47892
1009
14419
7646
19529
13586
29486
2978
24833
8197
37094
38287
47491
25814
11720
4209
12129
41063
4326
2716
30298
31010
17770
47844
24764
37240
19739
17240
35966
45380
10320
249
36421
36686
28584
45614
31843
15004
6252
46859
8870
47464
1738
34434
41009
40452
47074
30684
44784
14463
37942
43682
9619
22735
35509
43145
6236
34341
9498
45235
22067
987
9446
10939
40240
33700
30692
9548
7151
20372
36062
30924
30598
28806
28614
11839
620
21505
12113
43509
7787
19922
3328
6244
35420
15380
3895
44926
4415
21455
38788
5728
49654
17360
44121
44656
24578
21485
45302
44252
31992
7549
6831
3486
8305
7209
39676
24013
25059
33593
18641
39968
3296
19879
19821
49471
13960
29195
35401
35082
49342
18483
43896
18649
4894
8409
31670
112
42120
12242
14924
11918
19142
17111
5173
33658
8539
26066
20075
28882
5946
28509
30306
23818
27023
8898
25672
48683
10619
47050
975
19172
5341
25064
28205
49208
39669
12896
184
24039
42732
14870
27962
42948
38852
13027
8912
6036
32858
39834
16661
38308
44448
33889
40908
17852
26667
31236
19144
40045
20859
9248
29438
1838
10175
4301
40264
48109
35498
9445
4673
47368
37350
23290
30752
38644
21957
23995
43119
15161
202
2494
9526
28431
16073
3978
15389
20652
19264
13847
28598
45970
31100
4974
14281
35830
9404
32080
25280
11686
2668
30909
32807
39554
48269
25206
46255
17299
39413
44465
7117
22855
2877
3754
6356
21615
36713
35554
6389
5027
23598
23474
2565
38721
7889
36699
35700
12041
45366
15598
15291
4423
4899
13150
11228
19065
33790
46659
45125
19404
31579
23096
18014
32839
45881
41687
22666
42531
4541
32150
46745
17897
38272
44535
42753
30468
14500
6017
16766
28206
36235
44426
4675
30893
34054
18405
34362
15346
4362
45697
16675
17798
25391
47183
29600
48576
34746
49852
9515
22147
26916
15528
8567
19687
25028
26511
9062
41788
1424
21643
40960
32400
25560
47360
16093
2248
3899
35978
26676
5721
18239
9345
22995
25326
12438
46968
35316
49619
43814
3266
30417
4109
7921
49246
29245
23305
37097
39910
11346
10110
8149
1491
13789
1060
36212
9638
17861
44589
43606
47730
4250
19448
5517
18814
32470
45627
24399
24925
10610
45411
18051
45345
12083
37090
36791
39349
12449
49547
26789
10465
44074
30448
29101
29927
3003
17726
45526
4680
1863
5135
37972
33076
30244
12844
35769
36885
39888
2179
47902
20454
36925
14833
35896
30803
14742
38853
7859
23622
40295
34411
31801
15211
34462
30334
15837
7897
22778
46348
22145
27072
21239
6195
19074
27340
14476
9166
39688
8657
43288
21697
22818
10442
15724
36435
36868
5390
630
9311
7974
40443
27093
10955
11606
17615
49535
32210
31542
30466
12482
36618
31709
12382
41924
37454
29123
29142
29144
43908
45244
8077
2908
7585
28620
45911
34348
350
12251
7298
24547
30233
4716
6046
33583
42542
21510
41736
36528
41564
9973
17271
28574
42472
11635
4168
28918
19436
25324
9746
4063
9035
21357
2341
45924
23764
7776
15991
32657
1249
5995
29613
20616
33767
2640
42660
35269
10429
40797
43625
1224
24166
4855
38586
15229
24145
25217
10103
48771
38168
5383
39099
15298
32002
44457
18629
29043
20263
3598
19731
37962
24254
46658
12282
49872
28384
38267
27521
14683
18823
10180
48953
41414
19089
3920
25436
22591
34472
14942
49821
37219
18746
45962
3953
20987
9935
41888
20761
40637
39769
34265
34281
8968
15122
12096
46139
39195
4323
44942
36967
9964
18626
27490
22915
7651
31768
33774
28032
5586
1111
12781
47098
5856
32885
10099
32367
16647
37349
31169
47739
22154
48640
45689
35412
4113
13383
16273
39139
47263
33766
8529
24690
18253
43215
9931
3722
32503
24244
29110
25872
26068
13157
39764
26564
23369
41391
35582
16992
47194
38566
37438
28007
48388
32375
28964
38744
40504
6092
21910
31489
47831
4911
1231
24783
45005
40484
43802
1872
15164
29242
5682
46265
45699
20000
28151
42307
1980
37217
5153
29673
46325
49693
19635
21198
15761
31291
22963
42664
21618
39921
49092
40545
4212
1521
36309
37565
9853
43474
16297
16116
5570
25846
8184
7312
39304
46989
32043
379
39931
13594
39371
10000
20925
41102
4139
11892
4691
45231
973
10916
15012
294
35964
2549
10690
4084
47320
18008
331
4005
27069
16287
14071
49771
45403
16004
18469
41958
16589
34283
31791
35891
2005
41647
48992
47880
21388
7669
13086
23512
4466
47456
20920
21111
35210
46558
19337
43317
8936
5040
22620
5573
22155
37206
43493
45688
43607
21409
23893
26474
16888
33709
31591
13718
2597
12246
22749
22552
49359
31355
12592
17283
5515
10387
28577
8175
45738
13249
40655
15994
24488
12833
7413
13443
20343
8205
25687
16780
17505
45759
25484
23302
7248
34640
35504
6228
17660
6128
39858
7126
18423
2007
2822
42322
24033
22220
18235
9562
16465
36827
14624
35732
30499
10668
41229
16801
15393
31759
10407
22555
12248
16016
29109
9524
16567
2875
48032
39393
19537
30821
19352
49567
10181
45651
49691
30992
12774
37991
13080
4428
3971
8260
47075
17156
6073
48839
9921
24133
2606
15382
25372
38672
34169
13848
25664
32969
16119
4576
12104
35163
9740
43011
2394
28284
16621
14644
6185
14109
26733
8595
15813
19197
3520
30393
36746
41033
8985
23457
30945
13830
33890
13161
14993
16114
6722
9720
35264
46377
23439
15244
40667
44280
36785
14876
47962
26480
28963
42532
8790
18522
17440
632
47839
48469
2503
29440
14592
18207
33192
47519
31571
18279
40170
22078
5047
5080
15774
48286
49314
12507
12805
37108
39609
18816
4856
17706
29869
38366
9052
4906
4473
20130
31995
18907
23901
18603
7421
45760
17661
15484
16375
8719
46277
37387
6880
30735
25858
12645
639
33734
26002
14389
49083
4701
45531
13941
31457
35104
34759
30953
34698
37057
18352
8301
13711
25295
33155
46372
47513
35997
34611
31303
45404
10401
42385
39199
42254
15939
7249
44888
33561
24186
42675
43092
22774
41549
48610
3685
3403
25438
9347
12694
15466
19688
41339
32678
1029
16438
47934
4656
37870
4393
19315
21283
36587
11494
29714
3430
12119
13683
10043
30871
3050
30879
48064
17702
46432
32543
28752
21438
1739
37322
45837
48579
9258
552
7647
31078
34596
19598
17728
38443
5776
15874
22606
4882
15352
26924
10452
20076
12705
4262
40277
5770
43424
33280
21925
19090
1149
2584
6691
7594
27824
31175
32548
28621
28049
6751
19430
18554
807
18264
44042
41336
21998
37064
14200
29134
18921
27267
16722
23596
21551
45278
49135
35345
13243
13910
32441
26582
48810
33342
29361
35238
7095
41812
16385
21406
8420
31016
19685
5068
46328
1441
2490
38214
3173
13548
22582
28082
25976
13292
37890
22974
12467
44925
22665
3820
32187
34198
15702
546
8192
28053
22460
37574
17489
5417
11188
17406
42157
36011
17422
4989
952
18880
12335
44935
14074
46863
4526
47387
22458
13211
32719
38634
31320
35329
34645
44975
45825
45111
9388
37655
7308
19654
4371
1548
22417
20188
26293
4764
5556
5785
48265
35415
34634
43967
6601
11063
10960
21285
33014
21196
33019
48483
36875
33439
2840
7903
41876
30467
23214
15755
49862
15584
40885
38391
15751
3042
2292
7334
37415
24932
48625
22921
9893
16295
3803
15055
36274
38307
15674
41132
20272
18748
36598
8616
4272
22520
7736
25230
46196
20336
11566
16851
18517
43185
38470
33068
23266
49329
17080
36242
2525
10539
22509
2935
8696
15340
40373
1748
13104
44249
7262
16227
8678
6885
21482
48952
10814
24369
43545
34543
11816
6962
20374
12875
12568
11429
38925
41066
26281
19638
41160
48774
32340
18961
42545
45504
5010
16502
47463
11039
104
38211
10292
541
19046
35823
44436
36256
19647
24303
18841
29538
45399
37667
39705
7848
40137
29824
5854
33122
49099
21819
27679
43075
44382
14477
19971
30415
49322
37818
15611
31288
4324
44847
2361
7260
10041
34459
49300
35962
22687
16765
9235
17398
47475
41520
44527
32645
30010
45693
2523
32913
22710
16560
24938
1576
3309
39097
354
35821
21533
192
39585
20180
813
34620
24652
35240
39520
39525
22978
12393
20847
47466
25745
4410
39194
30822
8317
43636
13546
8182
3446
38503
5751
45290
40753
3937
7829
44360
46947
16930
34307
39900
9071
34602
11307
23382
14414
8687
35342
29637
45741
26043
16457
10527
31537
18546
16777
9538
21530
41588
1929
18330
40171
18307
41193
7407
44744
27788
49863
18450
48444
26049
49908
20879
30687
49260
45219
33825
13704
774
46578
48296
18315
13527
11747
30294
18220
2459
11351
43746
24078
19520
25864
35060
28340
3318
38179
49998
10255
39701
24274
47790
27283
25512
13592
6457
17886
719
2715
37841
29668
41547
33067
8878
25175
27559
1321
12534
33079
23144
26955
39333
23988
46699
46782
14010
499
30610
26603
17776
9582
34413
8237
46904
22932
6047
35955
17601
14107
19819
21479
26930
41016
18924
1299
12462
14660
19789
14880
44449
46805
23115
1526
1698
17373
34105
21854
18716
14289
37221
18768
11104
19526
33503
22571
36558
6120
40680
26531
15757
35555
29537
20674
27682
20710
43353
7728
41207
30896
33531
30775
30198
22817
1786
10856
31585
35455
27609
25504
30634
40489
31830
9731
263
28271
14794
19019
45563
18467
23817
45641
39149
32752
16652
36710
2812
37409
5028
15296
32335
17231
10621
27564
3810
48016
35348
40561
32271
39863
11435
22069
12891
7122
34192
20662
32255
15360
35511
39849
44476
16003
13907
2303
20679
40415
26549
2128
41288
28830
16441
45983
131
18707
23149
46008
15624
17994
40858
26736
30301
30980
9230
8137
20055
43166
14499
8333
39461
7036
49469
47592
49781
29941
9943
14501
12504
19615
27411
19252
31667
29047
45028
39814
1129
27580
10080
7121
13162
20979
13323
556
3510
13536
35727
13668
5117
17246
46592
22194
18754
20245
1011
15329
48816
19061
23039
23365
19313
32171
33260
21348
33487
6374
823
48468
20020
24688
15773
27579
32102
35998
23679
32838
26568
26267
11984
22304
7864
14339
37994
28317
19203
1076
46479
12298
14725
1161
44040
2531
12939
46614
27454
21168
28194
39168
9439
44674
7386
49047
14216
49575
12498
22805
17441
29847
45505
40414
29126
31637
7213
36832
46911
21568
8066
12006
3124
45590
6726
46179
21248
13877
4032
17297
23394
37478
35003
7335
30583
30492
5255
42444
34102
29743
23381
915
16446
15368
21534
26995
11417
19597
8246
42800
8374
24966
31097
18712
25320
14066
33092
29814
34094
851
29095
45680
36654
49921
45286
44748
16648
49914
19954
23074
8328
14807
22565
48827
10457
11759
4601
13123
37300
41568
18492
15790
18429
11208
41602
25255
39613
28942
44162
1605
33965
11884
27479
49324
45314
40828
22524
3563
133
6055
47621
38433
2909
30966
39831
35122
35464
42700
20370
1346
41538
23275
34504
33213
5850
3484
17686
25390
3644
3694
32703
11806
41632
581
28985
34016
30889
10251
23107
2088
38583
29910
31502
49817
43829
43287
48083
27570
10737
21428
16670
39830
18048
5138
48334
47147
38669
3239
20345
20982
29423
27435
29789
24960
21785
37954
24534
44096
34706
13460
24053
5114
37437
44292
29581
5820
27975
17304
8976
33979
49542
39142
10234
8370
16279
15209
27056
20854
3509
44563
31719
9989
15379
21776
19827
20571
42369
8755
32285
33414
3232
44119
26976
8583
6426
11797
37450
27352
4825
46300
3814
41989
26352
6071
29736
33471
31233
22768
6871
21173
26152
33165
47991
40862
29717
28794
34425
12191
48967
46778
3659
26067
16056
36571
9675
36051
34393
39197
18134
45348
22694
23460
13319
22554
13206
6630
7547
43331
25466
28690
3081
5639
30083
17245
8748
3035
47400
37459
31082
14424
14836
49572
41135
964
21256
31602
17846
41198
24
35813
4035
42608
193
19096
44101
13937
16344
33087
12258
15955
13599
43807
39767
28240
7752
21536
15882
45415
41035
40485
27649
6268
20363
13216
17652
41436
37113
38312
20971
37048
7140
1814
43418
14790
18074
10951
18072
34685
42144
35525
41779
46407
26962
39495
27599
5204
49897
20029
45356
15941
38699
40182
37168
12992
25841
32595
47981
46926
46504
39538
46935
7737
42668
21935
26306
5286
9927
24909
33372
48595
8274
42108
8834
42081
9350
28382
12540
41331
6810
1967
12973
25761
32169
25506
16399
31116
16773
17121
38539
41374
2539
44907
44159
17934
24906
16343
23210
21176
25713
27573
20216
4221
45771
5864
14651
38611
8535
28054
5722
32960
49038
3592
309
30069
29541
5194
25941
20870
29439
23936
27952
21656
21008
12909
847
46129
45289
47697
44024
930
1581
24722
49873
17739
16251
31514
2170
20969
28851
12432
10345
45705
31099
23045
39465
35672
21085
35652
12262
20678
23152
5814
10666
31388
32744
8367
20545
27831
9178
10578
34390
24350
18284
37395
1180
31246
44010
1575
31220
19423
41886
40980
17367
29939
46182
19413
22739
26537
20597
11542
3945
14809
5445
6861
14165
24887
32269
3380
4286
28260
3859
23691
448
21312
38504
29626
9948
33910
34570
10216
16684
13914
48537
21442
11266
25567
4402
23661
43898
21637
17488
12698
23042
993
29447
11440
38483
46154
2568
16196
5909
38491
46
15767
23011
45279
46491
14722
9459
7576
33930
316
38802
18060
27109
31247
30074
20682
29866
28793
41070
26158
13484
29961
4594
24995
46685
3002
18695
48825
3300
27189
27648
38745
2632
29414
39296
47176
30682
10759
9997
16373
48819
21842
14857
47591
15772
36177
20967
11012
11734
45075
2354
39662
44205
30906
30454
16547
36091
29213
38560
40564
26391
26007
35756
33897
11400
39604
16372
23165
2596
2140
6049
40695
4777
47825
46840
9163
38005
12589
49545
10655
26652
39432
15517
7462
3229
42877
8576
35282
9141
47998
41281
44622
2432
24947
32613
7816
47718
31054
17956
17282
1429
15400
39507
32039
38589
48865
12132
30714
48233
26011
46296
48994
37451
43552
22394
32427
6479
47850
44237
13448
5249
37635
46089
6970
32746
13615
8632
5929
32767
38402
39972
34930
46826
4682
13241
23403
16996
1846
13671
42694
678
47083
9228
14311
6428
5734
45463
4351
48430
14064
45972
47689
19205
13100
38471
11591
8219
18323
6849
44068
44758
16051
42197
49622
42933
7067
9217
6223
45341
48350
21771
31615
30832
45556
45884
39020
1666
24449
49722
24496
22558
2814
41946
11233
20763
16065
41347
27529
44873
28591
45291
4897
26809
47589
3255
43190
46988
33929
47700
1906
23092
18192
27175
16614
46833
34678
34415
38376
35765
18942
34795
10889
19557
16405
22977
22332
46802
49055
18535
13870
28998
13761
49243
34733
23037
44920
31145
48285
49120
15797
41305
42206
36478
3214
22673
36249
42908
31518
33643
27391
10029
44424
30003
46364
12060
9697
47015
22313
11235
10665
8893
23181
18931
15709
43189
1871
33872
22363
2498
7986
19334
45216
40075
2743
18021
34186
37293
15303
20471
42429
12139
40949
9532
21870
31344
11728
10107
30508
6314
544
20137
44707
16310
45357
34029
20159
5298
11541
36741
22334
148
37698
1873
26757
49704
32609
38682
22146
48897
11179
30412
21586
1763
25946
32030
30780
8560
34522
32948
37204
43527
31761
6938
10410
5493
41561
11495
28143
22736
23203
19768
17850
23987
39939
30868
32236
45208
10859
48114
17829
3334
6693
18386
5169
33630
12318
7682
17995
16448
32717
29232
30519
37591
25327
33778
35408
25894
27674
45283
33176
27714
48849
36009
38808
42992
10526
1609
6641
41778
6672
14805
26608
42944
48544
30608
8115
17945
13746
34007
12148
7025
35945
23515
19513
47164
31330
43837
14974
24111
23069
22795
10761
48010
46015
41498
47319
26763
20695
23649
20946
25588
13196
22083
44393
34290
25234
43064
5198
41341
37536
39137
22376
23117
2691
9170
40553
9871
32161
1229
41805
38700
32955
16568
17004
33838
38469
21793
13518
3994
16596
19805
37024
41246
46717
31146
30176
834
27241
27484
39811
13854
16907
27441
35513
25499
31896
35131
18256
14552
11896
32515
7731
27131
40392
31313
29679
48262
26882
48131
34349
22268
43705
12692
36270
22408
12914
8786
29210
35301
36277
28308
26256
10545
33950
4917
20425
11775
7876
11125
19055
43713
5762
48270
8653
37911
18544
28479
18141
17164
33097
48384
19946
47461
22471
19185
30319
46646
48724
744
14831
43866
33996
42436
8188
48920
19060
2820
17056
2858
12226
26521
39305
32179
74
17903
12220
137
24793
10164
16205
46228
6051
31904
44867
12063
22887
31763
8268
21001
8228
30815
15737
4995
3071
4540
31942
42215
918
47278
9949
25488
22214
199
41311
18996
13203
39119
31362
24173
32802
37783
41966
37164
33476
5471
34909
1377
41959
20828
117
16609
24830
19532
18563
33713
34200
14490
15676
12265
34238
37183
19576
5503
21678
21880
20157
19780
5518
30333
19591
31020
29145
49245
34314
13639
20818
42500
11667
29296
49587
7071
38459
5098
43108
12495
31265
37400
46486
2289
23267
42150
6231
12326
7484
49577
15610
31483
38561
29147
40199
39458
6308
14726
46618
11950
48463
45085
22131
26156
35496
14682
42127
2652
35979
36140
21308
31849
5532
12811
49900
10942
17428
23861
20276
35304
15462
8841
37203
15350
39356
14209
33420
31998
36221
27457
39881
46547
39901
38313
33091
40047
48095
7626
2500
9966
43136
2154
13706
44065
1130
23308
28606
37831
46821
16522
21318
48357
4065
28965
3595
36602
36449
5093
38799
27481
41556
43942
25370
46601
28521
5712
6879
19325
49317
25789
3762
11391
5371
28038
7216
47037
31728
3186
12616
41747
24121
1259
27394
38905
3209
14560
2662
23009
41140
40851
35503
7851
14207
20890
32500
5340
25331
20237
16951
9400
24679
3947
41045
33433
16272
5116
40355
12771
29078
20142
21044
40894
45100
33431
8651
46881
20853
41658
5164
19835
22283
14517
30826
5387
43648
10637
37846
29832
48230
25819
35350
31130
33894
26848
23197
5834
8507
47665
5983
21009
17011
19340
24868
36472
44694
9200
28518
35818
3529
35832
5835
9236
23900
32449
45917
4795
24659
13311
4967
10617
8788
26454
23019
20257
13426
43405
3370
42511
14225
38885
12526
11618
49434
43803
33338
21446
16940
31902
25195
45430
8036
3597
45551
36000
10379
1289
43468
9616
36165
21680
10475
25501
6115
14698
12819
28336
41944
9087
42435
36434
5183
34298
29173
10957
25037
2481
223
27088
32245
36442
35438
37182
22065
25413
18893
22872
46098
36509
13101
46771
23678
35977
16104
28489
16122
39402
18667
13979
16166
7666
34798
5749
44719
43835
33814
21767
5870
27819
22151
16807
24881
43230
31804
37470
49143
26142
20223
21379
12042
13487
42864
20135
35062
145
10820
33591
37287
29883
17221
18858
14813
217
39790
30820
40922
48742
1549
36429
18785
1045
38249
46029
10832
16331
6312
2023
44500
44317
5483
13306
6557
26634
16282
42058
48997
16005
48277
39668
34222
39549
9976
31618
32877
46199
41019
32909
44032
6515
32162
32038
27888
38150
8903
43292
2230
24890
2833
29298
8844
22702
14743
3948
42418
26517
38332
39499
15419
33432
21199
42409
22600
15034
25783
25183
46963
12551
45936
2902
45442
39633
46319
18964
2895
37627
43907
47618
23419
37132
33496
2572
24094
6673
46542
23947
8099
24744
36137
6140
33491
49712
13550
18906
15780
34220
17138
21072
34990
44376
28287
33749
25856
13905
22548
32376
18565
14970
19317
26392
5386
23284
35137
13420
3411
628
44872
47979
30673
12689
9559
13825
44859
31366
21445
5069
49517
10920
35237
15943
3019
15218
10256
38208
26683
9911
5628
8831
41248
4322
33053
45694
1399
28329
6495
38655
37894
22573
49380
41666
35499
2922
10258
32904
36202
38309
37862
23575
17178
47616
11187
15717
15051
39837
19693
22754
20985
36058
40114
40750
38216
18022
44781
45754
38541
14815
18686
36369
26496
43323
44774
46074
34785
1445
14960
44477
24948
17816
28322
14122
48079
30173
12310
30543
16834
9423
48308
30536
19119
4608
26800
8988
3535
33640
48169
2495
25909
45935
30444
5680
34584
20779
20583
11505
34674
36872
7165
41129
22424
48905
31664
40691
12198
46081
7415
13861
41431
44732
41392
2199
40126
1173
36246
36152
11479
46703
22421
15295
6380
18430
48789
15940
2555
16240
40193
6811
12537
12751
4539
17303
46862
11008
40288
31972
49045
40632
3545
34231
30481
34855
6790
38417
4150
28211
92
39800
43738
30843
13145
38518
1358
36254
20798
45704
3302
44384
43234
16336
29665
39664
12611
32382
49289
7265
39359
24191
23459
1040
49296
13344
23964
35364
46995
19304
38341
25315
12579
31661
12792
28247
16117
2706
28823
4246
34156
22838
37538
12266
11014
5867
3265
44902
5352
21414
32525
34293
18993
34668
14481
902
30537
13176
45093
28902
7803
25859
35836
19476
41572
22793
13522
43196
36013
7879
37681
5847
20877
14513
28461
14059
42917
31528
34886
35277
22222
19160
25146
28132
10308
720
4458
5623
20518
14543
46446
23436
18518
23329
3990
21242
7023
45281
27971
38772
16424
32300
4111
12218
35219
33917
7166
10628
23286
29698
766
2582
9914
23729
33271
32250
26724
36871
3713
24200
37102
12224
44853
967
5152
25677
37867
18574
22108
17452
48859
17600
26593
44417
16548
31898
20833
22819
27738
18715
43560
46490
28203
28575
43143
33387
18689
21805
38125
16281
11534
18975
33223
17771
13483
31101
40238
42187
24296
14027
47953
21597
9975
14851
3672
45110
12483
42101
45845
35473
49060
2120
17142
3028
11389
26358
42147
10492
3464
42774
15374
31633
36252
28679
35710
3322
46155
3732
8702
35488
663
35573
18892
25409
5507
30034
396
5928
42423
32489
19847
43440
26026
40473
39824
14751
38544
49054
35120
14399
9938
28158
24400
12123
34271
46207
7796
14657
33620
31254
37778
36854
44173
30449
38445
8951
38461
49002
33547
23395
19965
31689
40598
40340
11000
36696
7774
27019
27726
34817
16820
40035
15309
11902
31394
44557
4462
35152
36994
2524
36721
46276
42846
43722
5151
35435
23318
20113
13320
3165
14003
3843
26234
30544
2934
18953
8250
49325
23129
41873
35941
25848
17172
6331
48320
23758
46113
22681
34370
37330
10414
2940
41530
15320
1401
12676
47922
48182
48065
11795
18704
49337
17868
21062
30498
45635
31688
20805
2736
4080
21631
44430
33288
24900
32846
25065
40328
28592
18268
10271
38858
26950
32588
45708
45511
13621
10972
13171
9083
35094
45036
47020
270
29371
3665
1315
17067
12684
29376
20389
37262
737
2830
47009
6317
14416
31586
14195
2735
6024
39434
42039
7505
15255
25607
16580
5364
43243
39855
22649
931
32129
15292
27510
25693
15312
34552
33021
2838
12022
12190
25397
11546
3885
20801
42530
49394
40273
37096
15511
25747
40681
30107
48459
45435
43245
19443
4078
8123
33346
14032
28223
26182
34315
15388
24295
6435
31110
31526
20187
41671
9435
12642
9969
8805
19023
43791
5683
21345
28733
42396
17860
39885
1999
33142
29020
33835
41333
33611
11047
3844
39774
35934
42289
43162
38160
40493
44463
47559
6169
30375
2416
36282
42032
14553
12962
10607
44861
30023
3979
19953
31173
19605
3860
20584
47383
20521
11685
14484
30403
32374
1690
25537
44922
28576
43874
2641
31436
16442
6137
37365
26061
28251
24108
38524
21918
7960
30378
46347
41329
39179
21152
10853
19072
48352
954
9751
32305
42870
19721
7085
39123
36102
727
3237
10458
10625
44892
30754
17539
21313
40356
24322
26247
47312
39851
39399
18118
5596
12853
14581
35031
15017
20435
20385
48313
22282
13638
47179
115
30556
47940
47055
29029
9569
3571
42501
16782
44228
41072
44349
31252
7466
9226
40237
7330
45647
1632
25386
5539
19940
33359
2602
28177
27330
23230
27048
20087
47432
28279
24415
4092
30438
11265
18797
5205
40829
31496
6016
11627
10536
28201
14804
14183
40223
19521
43267
16054
31077
45453
26779
47372
43865
12312
47602
5336
12768
3121
20878
37666
26101
34454
40423
37575
37481
37885
6797
34420
18509
14671
19931
45882
39924
24681
36517
4696
26821
1174
35092
20002
33744
31485
27852
35059
8741
37367
34088
4902
21489
1921
6631
14094
8151
35389
16650
47628
24265
1002
756
1867
2639
36525
19990
48755
35267
30707
25024
32687
38403
39064
13183
18938
12741
48228
24461
7193
21299
12184
14018
19831
44780
34944
16756
19970
7049
15553
31023
38395
8613
29865
47643
24923
10597
37853
14063
46546
17022
7370
30927
32513
1052
24512
40413
44443
49369
4058
39101
3522
35213
5737
8142
4441
7979
39372
43913
13025
34860
6662
19222
24752
38078
38425
47374
6433
31848
16050
35532
14670
38748
35312
882
22576
32842
9877
49335
32420
34728
23032
18851
3483
49366
35766
34333
15899
48337
6527
28712
27447
42051
18949
978
32749
13286
15784
39956
3291
29651
30933
35793
25885
36487
9451
5851
31302
47807
5670
19134
1785
26572
12499
16024
48903
1941
19583
6729
32332
30972
33391
37144
26953
33896
28379
11312
37785
34187
25528
15276
30088
25189
29557
29000
6829
13032
14114
27236
42357
48622
43994
16039
30021
3807
37791
32212
16338
34048
43370
14204
17941
42550
32646
16723
27910
47836
38072
25895
33119
46001
2249
26360
27542
36232
49033
21987
20585
16946
35919
37186
4182
46489
48779
43617
31687
21207
33540
17517
32497
11025
8966
44601
40098
4617
2548
40258
4000
378
42089
34763
13494
20712
30656
32731
46731
44001
40575
29702
40671
25653
49224
40272
31527
22658
15500
37492
29286
27746
35854
40801
12508
430
721
9822
30533
39635
4099
13933
43875
1258
3432
28263
29202
48375
28
47655
28245
14906
37521
9412
22032
10549
10061
2466
47900
19876
27605
25896
18779
10069
25288
19433
42707
10991
39177
34482
6507
24015
46831
7551
4996
41864
10153
49247
48222
4049
27898
17141
41559
11115
47541
41184
36772
8706
26563
47685
22470
7932
47645
27410
32705
31624
8073
5729
7384
14547
29263
22518
30558
17633
17572
26556
44139
4993
16991
18155
21180
23435
28989
44958
10956
43558
35601
42869
48500
15231
38238
8121
19211
36452
16351
21039
29501
4553
13033
32011
21297
43306
8980
18619
10911
17624
37199
21794
27979
21405
34714
47776
73
33775
25301
19897
48780
36884
17821
23798
18685
4739
48464
5565
27760
39433
43094
46341
19363
33145
49276
2393
48245
15406
10676
35678
1056
19621
28221
30892
49918
9024
24103
38059
26810
35149
47926
10787
12816
27752
3611
23597
8948
48854
34636
41814
38932
24984
39067
24819
25050
40442
18925
18106
6190
34140
8873
5351
32954
29640
16321
17515
49129
33351
42963
48743
20650
48896
42134
17723
30955
25473
43020
5223
37594
28101
14677
102
44339
3773
31564
41121
11709
41580
22181
11948
11864
16542
8490
13444
34245
30878
17113
37109
2774
17978
46423
17732
34530
3908
9251
42729
6415
12718
4584
48634
27384
46410
8154
14374
20895
42793
28039
4148
31497
38570
15153
32034
2489
5950
15217
11213
24810
19263
12280
21139
6189
31690
32172
25036
7592
45674
22845
48866
31869
38319
4889
19783
9484
21966
1674
31713
34319
2256
44322
25337
3514
40929
45850
22765
39871
11031
27578
31926
3925
36979
16478
36725
34740
26769
22374
29037
172
31186
12471
7798
43271
15426
32776
21016
4713
44306
28498
19769
10989
37324
13703
37471
8153
43498
49958
42109
36311
3886
3827
16278
48800
24315
19237
5078
31706
2726
44689
18599
1809
30391
3745
1175
113
28171
7461
3958
22088
10915
38324
45817
746
44836
41126
24030
33312
32133
23360
35711
32177
27661
44908
8070
20316
15573
10512
31051
6391
30195
24220
1397
30934
12379
19351
409
1751
33668
15492
786
41769
28219
26754
46597
39221
43106
38528
29543
8519
17683
21674
3770
39062
2362
25631
1270
12756
319
4839
17232
11319
26899
11528
3609
10114
11543
8511
13565
22727
6247
49024
14738
5914
32475
2187
26527
38247
20694
942
6523
17446
11161
29336
10687
33772
21437
10389
21247
15458
16534
2009
9743
6106
12305
5217
49186
40697
21422
6034
30873
37568
8918
19283
6734
17943
23923
19704
30950
24845
32081
20018
1336
24928
33557
48138
27991
46579
21995
35508
46062
11432
35337
46153
2217
34473
5131
21451
29633
35914
49808
35254
31478
4134
26725
48379
13111
41204
35161
19802
16616
3720
3795
105
21122
16555
14169
47477
29813
14233
28501
34036
5154
178
4436
9640
11445
46561
10
7839
44808
2410
38550
48831
45381
12739
40517
5180
49076
6759
49204
21519
7812
10496
31465
25053
2679
30018
36264
37526
47244
28178
33568
4151
33639
45545
15092
13845
994
3075
26168
953
16582
44404
23498
44916
19005
9737
635
5234
13030
32136
27181
8699
24234
10528
24132
173
28401
45191
14886
35602
9395
16643
3842
23378
3798
30431
10071
6652
32321
46500
7636
22028
30595
40971
34810
31187
7833
38892
42646
28919
37424
47557
24954
32684
39534
48824
46931
46657
1608
33151
34946
20799
25395
14407
23668
11547
23024
20840
33961
28681
47265
26991
48130
10244
26129
6613
20218
4015
24735
23446
107
17097
35431
16856
25259
10789
718
46143
38874
12127
15561
6529
45124
34986
49356
25228
22684
6627
46632
8072
3524
30488
38394
44097
12557
49956
1274
47524
41842
9249
15748
18868
36295
48871
37411
334
3824
40301
38007
1272
17296
38711
48349
5059
43279
30144
48734
48876
36758
22416
5706
19270
9280
39481
7318
23138
49792
16870
38169
4787
35061
21999
38939
25467
43652
26122
47862
17614
10201
18848
49169
22280
35155
21909
30724
25265
14884
23053
13136
10967
28854
1382
41795
2859
25820
34905
30819
12368
9792
35530
3323
29406
42314
47937
35758
44632
33010
45768
2016
26573
18050
10677
10849
18965
8964
39748
17286
31945
37302
4978
30550
25441
42100
34176
23026
35628
28109
28660
28533
23505
22285
43502
11651
34675
24549
31685
16566
23004
25703
42666
27195
14312
41881
7446
43891
6772
41428
21873
27637
19681
26834
45021
17233
37980
14247
28395
30396
42351
13973
18916
43078
15435
44125
24432
11185
36780
28257
43821
21959
9831
7945
32464
15768
8199
41127
41358
39380
22788
17911
6837
1132
10285
26964
10884
46123
37457
13786
36170
40406
16529
47321
14617
44302
21201
18688
15181
34839
25775
35235
30895
17807
43027
46730
18875
24573
31067
31754
927
33789
3371
9403
13462
19344
4446
7909
4976
8308
28191
17648
7444
42439
32088
20574
34115
6095
272
29724
25964
47257
40916
43087
10137
157
40777
14576
42313
15921
36534
42339
48868
9864
48056
17346
35951
47674
27782
21939
24724
35196
17380
26597
8946
22628
41400
9351
14337
45848
30917
40917
46718
40311
12599
23486
42387
13931
11562
17538
37869
28259
39646
43941
11569
26696
17119
42591
47209
37213
21211
14986
10369
32716
40990
7203
21985
21886
33988
23346
17255
42158
37660
45346
23421
15065
2849
26039
9075
42420
33796
29349
22362
30553
18991
4939
36291
22432
7331
22732
21004
7014
14376
15747
24748
35590
10867
27120
16408
1103
12519
12697
29656
4863
12333
41852
21783
23367
25803
25303
34881
12477
49571
12080
43302
14315
42261
27017
30234
31847
47129
17149
32328
5793
45587
21524
41531
12361
21093
43585
30925
15795
6400
5193
12056
29386
22564
47405
5790
15325
16381
47349
22015
10678
44837
33911
20938
3013
40252
20782
752
10755
15383
13797
45918
1515
34724
19006
31026
37187
9009
22535
21844
21457
754
20511
44342
47549
39580
41735
39614
47702
32025
4828
27926
6053
46828
43291
31338
27194
32808
12757
4846
12087
49012
46822
29760
11390
27055
4044
22635
6354
20629
46680
31411
30971
38930
2645
24297
40516
36787
39959
37626
41554
40116
39709
47332
15003
43680
5363
11448
15613
28204
25844
2771
4833
7684
39476
22140
20430
34180
38369
15402
11644
19347
6298
9512
24031
26413
29854
27423
43881
23567
3574
25920
48457
17133
27355
10463
40979
35296
39037
17869
26735
10361
4247
36926
26996
8058
36532
33935
21581
9550
26863
11449
49088
10185
36596
17838
5415
40371
2537
41516
27002
39493
15875
9633
34103
41068
20867
36432
27264
2309
14709
15069
17853
12991
14607
17901
39656
4098
15408
3453
33708
14260
30584
43491
45223
32380
14531
42160
28783
48304
23231
6991
31576
1676
7137
7957
221
6323
36150
27626
45814
31937
32944
44976
26808
15240
21282
37762
8210
22459
18729
18915
16571
27616
40086
12583
42193
12975
42006
2312
39193
39674
24055
36833
43307
16058
233
33466
42693
12596
28424
44611
9173
31861
14191
29924
4433
24848
23050
37366
29647
43741
8899
33080
9626
33546
27331
18145
7268
7355
18062
2117
1721
17319
48540
24777
21384
13785
15057
9535
16223
1528
49
23189
17090
34673
21877
9285
5488
8888
21928
38781
19626
2059
34813
17323
5635
34450
9319
24105
43373
480
6888
20945
27615
35058
13763
12753
458
17444
30086
11828
43269
254
39033
43621
4349
239
29350
44577
7483
9322
9933
18822
26430
37799
43996
3854
41939
19383
24128
9666
13549
18388
21702
1964
29622
41539
37463
39789
2851
26921
41644
45787
49398
43155
5218
35007
24506
42094
8110
39638
24564
29482
10693
14882
48527
22696
35636
1178
1656
30365
37888
1335
11394
23711
47416
32228
48615
43840
32055
23425
15894
8949
9218
46086
33486
47092
15919
25068
16421
25136
11133
44256
31721
7142
45067
15776
46411
18811
42493
29435
27827
2592
9636
16063
5053
44310
13833
20538
45284
10367
48037
40469
24430
1897
29782
44528
8688
11418
35472
21512
28036
30436
26895
3652
12826
32721
4482
32344
709
8217
22168
9288
24540
4325
28270
13614
4255
18045
11082
43869
2067
28304
32020
40217
23510
35736
7686
46824
3771
16711
3024
14626
16177
33216
34510
7290
42802
1148
3756
10437
40883
230
15155
21349
21460
35461
24427
12485
14136
45109
34945
19843
45509
45446
9103
9049
16687
2266
5167
38717
42756
190
43411
9079
27889
38490
16674
28126
30070
26849
29827
34467
40367
33336
25692
44970
1304
48809
25281
39497
8675
6409
35619
21440
31323
1622
48803
10686
43321
5050
22877
27624
11518
21448
47886
1517
46005
33537
41266
49801
42311
43278
910
28470
21841
16207
43497
31874
15330
38158
32926
29354
7319
38021
17744
32854
22330
2610
44106
2339
35588
13977
25618
1886
13220
30689
19007
9063
27842
40209
38693
17531
21833
47606
8498
4702
28439
7096
10839
25891
32362
23645
43406
7885
46753
45671
40706
27680
1974
40052
10982
14318
46384
42029
14574
9179
15343
12680
32022
13543
10297
24232
34279
23736
23739
5505
35973
43555
20138
10990
41042
19717
46125
24214
18605
40733
34046
34439
4284
39132
14187
22439
48542
28926
36141
16513
2239
45473
35878
44583
2738
8023
38334
434
38831
6448
11611
7856
22615
12102
4420
7243
33674
28827
36317
18503
17557
14948
24451
29886
1630
5349
1747
23405
16734
29851
40837
7430
37436
18774
2873
43467
34092
44848
18928
30157
42114
43624
7650
5747
40912
4354
47851
16682
25943
10059
3708
47445
48153
25696
19738
48633
23212
32384
1650
4478
2363
22885
6878
26109
40672
41078
12736
26966
28239
20771
2063
20926
25229
24428
8331
42889
8146
46003
45026
26749
5618
28612
3343
15846
10795
24161
39758
4171
8895
14548
20686
29707
14632
12544
3195
47106
25887
42188
7110
49752
8108
48697
3219
33278
26359
31732
31720
47874
7836
37740
1404
29989
30814
31727
41622
3975
29589
14992
653
44775
36086
40836
30647
7233
21059
40882
6060
47610
22197
21570
12028
27060
21315
48546
22318
38664
14871
48194
39749
35944
17020
27297
16857
47952
41815
29734
7693
20307
15638
13555
43385
44078
32618
34577
30679
8438
13236
10146
3372
30031
18069
14240
26640
42757
14298
30652
35696
9542
47548
33360
44625
10709
20437
15738
22103
17155
37265
35724
29675
45197
30487
21319
30726
16753
5536
46819
45276
9271
13626
49815
30773
38551
20129
49111
27221
11612
41206
41780
48913
47367
36670
3881
27151
8751
49122
43591
49128
9643
24917
42786
310
20212
47494
49131
32316
36244
46315
28198
4180
31374
27789
14646
39215
28838
44149
23509
38767
46077
40789
16155
11975
24478
25443
16714
17057
42736
39343
44095
49568
20045
27771
20577
19899
1071
1928
7526
4403
30802
23341
27532
35303
1067
34010
45748
45991
42002
46873
33918
37046
35287
18442
12253
24978
21579
28996
33481
27286
31255
1494
4596
11823
6826
187
31710
26670
13142
14049
27449
42242
28134
27467
28088
41618
41
42680
43982
35705
30891
47131
30170
5105
48548
11509
39710
24266
27446
13571
22538
22418
46861
37307
44236
42801
46729
29105
16316
13305
4378
3781
44628
25531
4001
47402
3491
47629
21590
35624
3650
7156
44278
28497
30247
11786
20177
30615
44513
17949
47398
16137
15230
25106
4124
28325
35517
46917
4487
3523
8463
37613
6431
16393
5907
47303
29845
33653
150
32430
374
21557
29410
12390
37770
17276
23335
24716
42522
28642
48158
44525
24144
15753
31656
17814
34013
32190
42698
46660
47447
2837
33850
3043
24118
25893
36157
7917
1176
19234
28416
4081
32945
12430
37042
36112
23651
26212
36797
17460
7821
12842
45127
16447
17880
15075
42236
9070
43921
7400
27786
20948
18350
41196
16337
15701
12517
10337
1615
48937
23080
25070
13709
46189
33335
49766
5034
31873
25474
38103
37563
48168
18827
1217
40651
30847
20019
9699
18648
10781
28572
32594
26781
14674
6395
26004
25110
22273
15377
39552
43456
9382
48396
2448
9080
34787
29407
34145
41477
26325
1383
25516
38280
39114
19474
29401
39107
39717
47527
49855
6504
19872
45812
45562
9661
21334
48197
44459
34598
41373
41411
16986
3278
34877
40920
45628
12112
1787
38041
22057
46516
1297
5684
47777
10318
26403
16638
22867
49104
13544
46334
42755
28285
3873
30245
9139
32070
27321
4546
27575
26627
12429
13568
41393
24726
21936
6494
25108
1220
4060
7818
21490
19758
9022
7007
3358
2373
31644
41497
40184
13363
36275
143
24158
38295
6994
2395
15277
13186
21063
35913
43559
22599
46430
5280
27298
17786
29264
49313
41488
43534
10481
542
10719
47294
31114
4611
7257
30439
29676
30964
43931
47068
19156
6832
14852
27754
3084
1755
11522
6424
42155
13098
46972
43088
49004
30987
32783
1054
12320
48327
5863
37306
3413
48919
1870
36652
35809
46617
42319
36426
3930
22165
531
38670
39201
18300
41114
34177
25901
7469
42035
17146
44421
26125
39092
48084
36436
40008
17887
17529
41208
22986
28467
34106
25460
40269
6490
17799
14701
28846
30480
44852
47034
24389
20553
18920
43354
34423
11673
35583
8703
45365
20220
16987
28825
7593
40535
2083
22400
14996
12887
7926
2698
43366
26545
26997
33458
19393
12861
39048
44325
42743
22457
34081
27336
27536
36065
44272
3534
5637
45061
22975
48221
23307
810
37893
25614
36691
29952
32107
37866
43571
14860
15668
6306
203
32164
30539
41223
12128
21633
23953
37836
20565
21986
17038
13890
43338
19120
49523
277
16995
28630
43742
36353
7751
33333
37532
39999
44364
35441
35432
24529
31610
1602
1794
5405
33762
36333
25678
36292
45359
34266
12270
31075
4502
29197
28266
27098
21081
22864
1474
27215
18786
31382
37477
46664
5937
8731
3280
23396
29762
34201
13374
38322
32730
35699
11190
10689
25223
46217
8324
2461
13210
25472
39313
23300
7763
47913
6065
44804
1709
19086
21962
893
12389
4706
22468
22399
27833
33859
7965
8253
17205
13874
22766
25412
23986
20233
43768
44437
27883
5196
5989
826
25995
10350
23309
26565
40930
8403
17931
2133
42036
18755
5891
5323
39175
11292
34834
29638
40834
32892
17806
27995
39130
1263
15222
45723
6733
39292
12380
41484
35394
40124
28300
16080
5666
23983
10494
38400
9094
48219
2255
4926
16955
13366
12889
27588
46594
5924
40946
41938
27499
1323
31155
23666
35775
41748
23612
13337
10477
36579
28528
42172
17873
14562
20081
35115
9728
25670
13759
10076
25661
43033
26024
35124
20765
43735
27486
16733
48401
31090
31536
30664
2069
6294
34658
6609
47254
48659
41094
10775
48691
43797
29556
27287
2075
25402
47317
47564
18419
11472
10883
9986
32792
38864
32211
36015
18585
34908
29244
47809
8423
4341
22610
986
12779
16100
20999
44000
17634
26550
27224
19143
5769
10752
17631
46227
34756
41728
15096
18117
19855
14115
21179
41413
10550
43906
23065
12484
18664
10870
33357
45621
1975
2057
23787
48033
18052
40712
36973
35098
27656
10612
17476
33635
48732
1859
8074
4059
19093
14874
7625
15237
20568
9799
21614
31242
19486
35470
48511
45192
29611
18760
49954
23352
30051
25283
12965
15439
1341
4383
23347
47152
20725
22474
32476
3589
3938
17093
2299
44763
8415
19371
43933
28000
5241
49146
22699
41075
23922
3090
4836
27862
47411
308
23989
40657
13573
28047
18770
46278
37800
13948
5540
40257
14509
28725
10298
31421
19792
35174
14817
42785
41583
3199
21478
4479
6617
46572
22574
20976
17504
34618
3159
27494
4102
25787
28417
29480
17925
27037
18242
49450
43981
15960
33129
3618
36818
46806
38511
5640
37332
41840
46635
10639
40188
19356
37131
8612
6260
47986
38476
49367
33064
34879
43790
14954
31372
9327
46312
14796
2803
26282
38166
32852
18081
39802
955
9733
16878
31299
20561
47095
49110
2760
8144
1954
11277
38181
39479
2951
18963
46696
368
39568
24099
23825
10440
41267
21527
39654
9223
31699
10904
20165
26977
13675
42031
49743
24588
32747
18163
9420
11364
31890
23543
21838
19781
42250
40675
49510
10521
26520
37851
6642
648
23781
19400
745
21613
9429
25299
19796
39651
21271
14456
15715
8158
27918
33031
25507
26980
46939
29448
1966
44620
18720
13529
3890
45282
25045
4871
33823
31049
46848
19192
17358
31981
540
36897
25619
39411
21661
21162
49527
36216
14081
5470
36959
19891
40824
44315
30522
42708
17836
30524
38354
29763
35873
37402
23427
48207
2505
10013
47980
5146
30662
21564
31093
41350
37997
44953
19595
18105
31112
1464
34272
34849
23685
31416
29784
35169
269
17294
19158
3224
34301
33022
44875
4783
11199
28005
10470
22508
38867
18994
3787
39375
1122
11938
28079
46332
31814
33454
27407
47132
12465
12651
6135
25342
29953
48585
33875
36577
8080
426
21474
41136
28831
23261
9928
36020
47121
23959
29171
3304
19641
24896
38507
49250
46115
39013
5620
40411
28415
4547
23926
32720
12398
23304
9771
13329
35181
29127
36056
34367
16151
11960
47073
33908
3324
32908
14329
30469
20461
6018
17937
14383
4874
32733
14393
6462
18584
12726
37254
5829
28025
38094
44180
6392
2927
19996
36572
36610
28629
9580
22016
4147
38484
48944
32920
28430
49810
23631
3
13232
180
28348
43506
41627
13328
15740
31201
47441
47972
12261
28610
16747
13925
37810
14780
23716
11403
71
36022
44862
19910
42856
34196
33727
31608
3243
6821
13754
12780
45632
20634
49404
42968
38821
49923
37385
49185
15482
30223
7459
44947
17151
8133
29092
37163
27296
23012
26448
25988
15220
28849
25449
5224
33234
20468
48565
16443
10534
48970
35544
19346
43956
29532
4714
35073
38278
28646
45480
43810
13701
33971
18886
3032
39154
27374
49741
34985
342
22485
22300
15169
35585
46751
8259
21022
7699
37107
37439
47975
17830
15165
5663
23448
4567
42649
22229
37226
37679
35016
10291
13367
2209
45271
46261
39217
40629
3433
15686
6320
30486
7472
30311
46700
29653
23120
2319
6241
30024
1597
32149
46345
854
37673
12628
43838
17065
26283
7254
37472
24775
535
12247
4982
42377
13208
46141
15453
46119
40567
9001
8924
4248
31742
13481
38406
281
32956
37687
8083
40187
16187
4122
29826
38062
47279
5376
26867
16906
11427
39342
31952
43236
160
28939
22022
36719
8134
24249
2
30457
5097
35529
24986
29270
22123
31812
10380
47573
30257
10045
48129
15067
24116
49408
5547
19248
25625
44297
44294
31089
38675
11762
11301
42315
39963
22771
5101
37465
40767
12163
40506
15845
16407
34961
16611
3724
11656
15816
20871
3840
47342
17569
28145
18852
49498
18877
38970
21123
46082
13184
9534
37601
46560
6959
106
32493
24675
13608
29552
17250
13151
9507
5677
38305
43281
30965
20869
23871
26936
19830
29282
20408
1779
30261
25734
45170
36732
10134
34351
44739
19536
19858
30159
31635
26339
41295
24079
394
25740
6188
39265
18613
23660
13591
12943
41489
23784
22662
9999
28877
13913
22085
19813
47863
32192
37953
7766
7806
29165
40135
5766
945
33521
6044
41468
21550
22089
35318
35387
37085
19431
47779
32919
4652
35915
11815
34422
31538
5865
24994
4174
3838
44684
9495
28477
17253
26795
18057
5095
16409
10865
35200
49665
45611
9410
46817
33055
32481
8084
28328
5760
899
49931
18632
4804
21188
261
31153
17472
1374
44675
6063
400
16400
41668
48776
31009
32983
26385
12710
13717
8647
49833
45024
44153
36997
32423
44877
20942
48480
29907
24278
25823
22364
27288
43969
24551
16792
27816
24366
2462
40054
12410
37053
11836
26000
7471
14662
23713
37959
49478
23799
26307
23417
4511
43846
29888
13278
30455
21317
26260
20785
8245
235
40817
16048
4159
33664
48409
34015
27657
32023
21493
9161
2614
13149
3259
13062
24682
32712
30259
27347
13732
12367
49532
12076
33434
34251
27460
40512
11491
34463
38204
3662
31811
25073
27750
341
2973
7176
2527
6606
29658
42839
25173
17464
5819
21513
47904
7518
6279
4205
22104
46786
36205
30989
24509
48247
10104
18891
48899
9658
24487
43508
16023
49435
45941
36228
2594
41935
12988
7668
38275
45204
5359
34516
34707
23150
10455
30046
23151
42162
8942
29383
1649
33567
1940
43346
18527
8013
37744
19522
44299
23083
43206
16201
47008
43659
19217
6251
41446
2195
9394
45528
17479
49756
16666
24525
49629
5945
29220
1989
1206
49263
26174
6009
46971
17089
19204
3479
35153
4366
37713
23558
1663
44849
14783
37721
44418
4372
19050
45648
34774
32994
45808
6584
48671
21320
48410
11356
15114
33123
7824
14428
48445
48654
19350
48210
22536
28061
31577
11347
36388
37029
27404
43918
47834
36485
11787
23684
8806
18771
29265
16186
29918
11147
6552
42711
23719
3392
18671
23021
32214
33311
38104
38248
2603
30578
41662
33048
10095
33105
25364
10964
42721
43126
28741
25908
38069
401
11215
39147
49531
6762
24130
16094
24999
9209
49512
3973
37572
13006
16735
26548
37049
9577
6756
9583
12097
9190
34665
39005
22233
41086
25477
17669
48890
6898
2134
33152
49211
13097
34082
49449
41868
29062
35790
49156
641
45308
44901
39299
2048
37476
3558
21390
11758
34205
9402
47769
48596
40251
26982
36582
30827
45567
29194
24411
38076
46691
40317
41616
24872
10952
3892
11705
31367
15803
37028
32327
27671
23090
26784
25300
39642
47156
11447
15048
17018
37320
15299
20098
11687
19442
31821
41803
30913
31982
18595
16215
4664
21497
7228
19766
15629
8890
13985
3256
15445
20088
42762
45634
31212
39909
8602
43964
2534
39689
27005
41183
12450
37973
40059
29887
40583
1657
7200
30994
41643
43568
49885
46742
45037
46365
37708
41692
28078
33461
17540
13473
37707
46067
48161
13308
18159
20369
25169
7070
47356
37351
16708
40048
26069
20373
40685
34551
48312
8319
8131
14714
49269
13849
18978
11532
4460
36108
425
13090
23237
2235
31654
575
323
16383
1691
32952
37614
48202
38373
12470
29558
31413
25328
43198
18296
30135
43847
15705
14929
19012
49754
33989
40304
24163
35145
38165
30567
19260
38342
11313
29049
41961
31989
42810
22940
32148
34604
38737
44093
22577
35334
36749
7712
16067
44494
42819
40945
36783
3888
49481
22920
30462
22359
11107
32445
19633
42014
26104
18077
14466
39335
5018
47585
45142
28065
6902
26099
36078
21584
4292
4090
9273
22255
28805
10783
16869
9892
421
39314
19361
7805
40253
32827
30335
17450
7388
40031
43788
31162
34847
10118
43867
7640
46789
8288
49935
25005
28092
32104
8545
17854
6057
8536
36611
48185
13382
42028
2376
23648
6126
37657
13446
11533
32555
48894
6778
7309
26063
27049
15189
25302
32077
15924
26452
11221
47256
16608
39235
31319
34044
4523
1109
38338
15251
8037
44157
32059
34098
13593
17629
16109
2650
35634
38246
32963
14903
31466
37653
12466
36109
30855
12336
9889
27520
24425
44029
33340
13722
37545
13334
6870
44118
17545
30291
3572
19632
43300
11498
28765
8838
45420
23710
47063
8963
389
5841
3821
8256
39798
19102
717
26934
1405
2244
1061
42906
8455
6477
3697
22003
25935
23193
17289
47490
48462
29246
18900
10740
18730
7242
4217
17309
3839
13575
49933
11049
25080
42323
522
34918
6370
29015
14799
14746
2147
5649
4344
18791
20042
34041
32578
18029
48628
3783
21075
21914
14420
6364
45421
32835
21781
17154
43253
27091
48656
49311
43539
30452
848
555
16220
10976
48279
37276
19894
46625
30597
34651
27507
37403
19407
14108
19554
16247
27866
39416
48170
42264
36441
41955
521
41661
4338
26399
11128
41451
29909
21094
48884
19273
25208
1703
10168
40120
16433
22567
17003
38365
45265
3279
24805
41608
34821
38911
20114
624
43524
29079
32571
36469
37479
3746
24829
46543
36665
12405
39429
49657
34025
36335
28688
43649
38025
33417
43841
45537
11798
26830
8139
10880
32422
35271
40360
13324
13029
49077
42814
48366
16623
7768
34928
5695
10634
9329
23140
45343
3640
5121
39338
36724
24955
48902
44673
40085
26404
27850
41071
9774
12136
33218
25933
12892
30951
3415
33581
28891
12225
45927
25377
12460
44377
41998
12023
24648
5754
40015
39954
2718
28814
34495
33556
38979
9803
19001
9326
47945
11480
6608
11739
19794
16525
21309
14085
1080
46669
10233
7321
7630
8625
31106
7904
36672
15311
6058
27922
42782
45519
48956
7538
21963
14595
26571
11713
7515
13108
49941
39045
14117
14205
7573
12206
1350
19225
1021
23338
365
44501
17305
38317
22927
43151
45906
17962
14747
5032
44891
2701
32309
23017
18955
44251
36736
31516
15821
5701
6923
37578
13851
8474
35523
26301
30948
47890
39832
15112
41522
29515
2782
19572
46327
3593
34286
960
17083
563
3450
7661
3350
15390
8544
45899
1603
27743
40019
3851
22529
6022
17667
29937
44556
40192
33245
35965
34100
37431
46216
44464
32831
35692
40178
13633
26790
40758
48951
14785
11045
646
34627
11572
14139
2986
45555
11170
29897
10273
47212
7616
48035
39361
45461
18765
32682
48775
40786
2071
38198
28815
3055
15006
9878
13603
36628
42751
26223
13612
46975
34709
9043
2065
42826
48
557
2623
5075
24586
19937
10202
9091
29369
45804
14436
48476
9384
45199
26967
47171
6805
38489
47658
32185
4162
33015
2163
48251
24240
37285
49466
6689
12174
41113
13563
8255
19303
45880
34449
35929
34397
44519
2374
8771
21659
20517
4348
42093
22114
30730
23322
3096
13197
16172
44638
10108
42091
23285
24563
6346
2604
28277
44811
33616
37171
5774
2749
24944
26050
19972
2124
16410
34889
36467
47302
21508
34719
28852
27515
18206
15648
24229
21127
21973
13818
28540
17458
48052
41005
14978
42745
9748
10421
26547
583
22782
12100
39955
49494
9486
24566
10305
23095
3616
1719
456
3832
11951
586
45964
30345
37043
21170
22247
18803
10282
19762
3018
11464
46415
43217
6304
41169
24971
29623
8405
23741
38191
15499
28116
4940
28190
37793
33955
8810
40579
3710
33783
2656
14628
11629
40902
12529
8991
12549
12254
43473
2585
43930
9727
35010
23696
17191
29711
37782
35447
15583
44415
37651
48063
31854
3308
14890
6900
30104
6892
31741
1788
9464
19733
28286
42000
45245
49930
13775
20796
6645
47678
34321
47648
6383
1505
35160
1385
3555
40195
11083
8223
38509
49199
10595
3261
42918
40033
9614
43184
38345
17991
15261
27202
15324
17077
207
40775
40741
17153
35391
24185
26678
8225
47107
7808
43886
24562
29685
37648
1058
47923
7506
37892
21751
14536
12957
23216
26259
12636
5525
48288
39135
43986
32638
26209
10748
27851
46147
43264
28475
32943
604
34155
47768
29294
48665
46346
40159
46203
36346
44229
23431
38109
22854
37993
6532
13919
14235
14707
14789
49796
15516
39306
34456
39483
17032
17425
20012
27400
14703
30548
13333
19664
37099
2697
19703
38558
41508
5039
4605
9449
26145
31969
14214
14228
10376
7031
22902
44915
38389
24577
4299
31729
34491
23397
31621
1678
49028
46674
17677
25999
15878
42520
39108
2372
26919
33215
10432
25014
28720
29301
7656
390
24649
31858
12322
41099
14202
16164
33714
33739
1925
18377
44788
7649
23831
20140
36348
45568
24608
3753
41621
28969
47746
47710
2929
12848
46900
20931
42241
5998
37507
33039
48297
41074
36522
27134
34446
12228
33319
37340
47175
15010
34486
11466
17086
10173
34282
4439
17746
46174
35143
49159
28438
29759
3862
26897
110
47877
2214
27869
45522
21229
42572
48360
18790
9184
16309
7548
22342
30447
12621
44174
48711
27061
7541
6141
2845
4685
44438
30710
13365
44026
3007
24587
47419
37969
45668
5797
37167
43793
46287
13745
29434
45152
40078
18332
23780
14932
15270
13347
49145
34644
27927
27077
5440
5434
9741
9807
40880
39258
17749
33072
7050
23413
2579
16184
5961
182
43992
35576
44497
14269
14612
21991
27223
48281
26983
46827
3109
42202
30054
26835
31063
42943
49706
2464
8050
7111
13198
49816
49503
11861
36881
45020
7935
28697
44352
29940
38188
49039
42652
23898
11399
34588
6401
24677
19176
19553
44199
18418
23640
3346
29875
24418
40306
49266
5491
48089
10739
28957
17144
39673
11624
48066
10717
18193
894
44201
6781
16724
34973
10422
43364
15815
4766
419
13078
1943
34135
8068
23111
22190
47076
48053
23867
29561
24311
27268
26528
38449
12963
48837
45339
32390
41911
3619
30801
27300
536
12229
12919
35123
38038
447
1924
19558
26081
36363
39612
14920
16983
25721
3217
1167
41212
23248
49964
5934
34199
7605
2200
15609
41026
14279
30932
32706
2196
8950
21079
3132
28427
17193
20923
8578
39223
18881
40805
39880
43965
14619
6410
5024
26483
40319
41806
22333
26021
11937
12461
3780
38775
42967
5477
24245
16665
24092
11810
46281
18139
35618
32278
13965
46054
4275
42845
26949
42269
1968
34983
19189
47472
6986
29849
2141
17552
41209
39311
12392
26187
13676
5187
19786
35957
15693
349
46965
18675
46132
12425
17049
34438
30084
36349
32559
39501
46728
23271
31181
48945
34718
5739
28628
35985
7930
21762
39485
6174
26523
28006
11740
18180
38993
16744
625
6967
18498
30602
1679
37421
7272
14280
37672
3125
38965
39694
13530
27270
45933
40410
8104
25578
37549
47580
39536
42281
42983
19129
19167
43691
6237
19235
8579
26990
47361
26888
42030
35674
24114
6258
5524
36655
5077
10451
45234
10478
25580
25025
35055
30186
13294
3094
35151
45761
9430
34005
47745
19742
28119
38374
4566
30169
37718
31855
32364
3386
24631
49424
32240
2137
42159
45217
42771
43420
3989
4443
27517
19883
27783
36248
33156
6282
12303
29136
2224
35578
49341
43512
33089
34732
20014
26502
43349
18911
39928
46308
10226
21562
15173
34345
25260
11478
32139
5
3822
8656
26274
49677
27544
28801
8339
45564
39318
42185
2318
34507
37805
20068
1179
15675
44110
34078
43935
12422
25597
43001
25478
4086
8857
3711
4390
43272
18529
31047
22252
30586
29403
34553
10436
33332
11669
39239
39138
41447
23639
45877
28768
24206
49192
3507
15401
39981
732
16239
9887
41878
49957
67
15887
5264
17499
18209
9084
37283
2390
22347
4097
21976
4285
36338
35715
5074
32180
17883
1051
48092
23757
983
42986
6746
14634
16040
32921
19560
45092
37362
2891
38326
19753
7579
48189
28888
25719
795
10384
3270
48727
43177
28243
45846
25973
29586
20246
25769
13631
35729
16460
30129
36176
28057
11587
17731
28369
10433
9913
15695
28169
4750
4395
24149
20756
40563
42653
14716
7326
6573
43045
27082
48406
14239
27182
28641
32512
18682
31894
10222
4176
31539
45925
27853
47391
17766
20476
33132
27798
12543
13092
1919
31245
4590
16221
11218
48757
31012
41617
10531
32593
41316
1438
45797
45171
45696
14640
22760
17256
17889
27587
13519
47847
34657
49304
37734
42181
23636
27909
24113
12926
46929
41252
26143
31975
23991
19512
38221
39699
15660
11814
8885
22005
26208
1841
21311
31150
471
42618
13524
7392
9414
176
6859
49991
23560
26197
4620
29921
36005
23087
25272
49887
3632
7999
1931
5935
6588
35405
39660
10160
43160
43107
22411
16593
3728
17743
34806
46298
80
26262
45190
6019
14625
33907
22728
5960
3657
7451
11317
12791
30433
43122
29031
4759
22522
14606
17132
31379
43261
40396
23807
35087
19127
20192
48403
24154
13140
39081
6243
19860
6754
5723
19878
21578
20466
41722
1242
28056
21033
31841
21447
38289
22807
41065
39962
23865
28885
31988
16644
15706
44390
44170
32027
16213
3852
44945
28991
44672
21305
48254
45769
39916
34856
10583
16803
27717
24740
10862
19686
31813
39904
43879
7767
27944
28342
29159
47215
6119
15533
43944
36192
2680
441
44224
16672
28883
4857
30926
33253
20776
41822
34515
2969
48969
8916
3556
14245
5416
18910
7224
31011
45669
43014
46214
21191
20244
6266
9772
43282
18378
34056
25862
47633
44701
36107
45575
2933
18903
31131
28231
30410
34021
28027
28639
3364
35742
7047
42183
32748
25095
4920
13430
37331
31753
15080
5655
36424
29966
46795
19652
21269
9424
16069
5430
47881
15366
19527
988
28172
46825
49486
33358
39617
26552
7875
897
9205
9458
27304
15455
41270
22396
15571
23238
33396
22366
15487
36097
11576
18233
20321
26615
46621
5812
30007
9919
43471
11300
38370
26677
46190
35673
46339
41727
48791
20155
38189
47816
5294
31903
30147
755
7074
4453
25252
21151
18224
25562
24056
9818
18806
27191
37768
7667
15289
1279
2186
31887
36283
30212
1972
3554
10824
29488
10394
3193
5504
13373
11118
5587
4946
5120
36190
23875
36805
32765
4222
45664
28977
27841
38106
30317
7002
14105
17970
30642
8338
49925
4865
49787
8107
6102
24691
19497
25491
25750
13406
220
46040
47641
27551
31225
5744
29158
1290
33464
36326
7296
17279
26481
20960
33677
44273
11330
3962
33932
25907
1793
31424
47993
40453
8548
39691
7478
20989
31825
32899
30019
42427
7184
25388
11727
2178
30344
34686
41384
34520
46762
15721
8383
5621
35311
2020
25351
21324
21515
18034
26606
20958
4945
33208
38357
27226
12631
12419
38117
24119
26526
36169
33468
41370
38346
42156
21419
34152
5771
9431
19920
24903
12413
48535
582
43532
39847
32728
24282
38661
45076
3663
33383
32547
28064
1750
31356
1717
736
15851
31510
49910
43153
5561
2825
5005
44510
35397
20004
43973
40989
31730
29518
28298
23118
48174
30928
19062
29306
4271
29384
42415
42902
3527
42138
28523
16863
4347
27333
35581
27146
4027
21822
20156
13388
37196
26731
32488
16806
5956
45684
24277
18371
21073
30988
25847
27506
46830
38281
25247
33172
9596
18497
30416
1089
23623
30512
7154
4657
36779
35147
10674
29072
31495
622
19675
3200
39464
8970
9672
2174
4565
16739
9157
35815
8114
4206
44803
27860
49583
14762
45203
44333
32089
27254
18376
48678
13777
16663
35486
21675
4642
19457
45487
15937
31216
34435
38683
2485
28661
35030
38438
43428
18297
19490
46605
24672
24617
34208
34768
44002
7815
23488
24536
29758
19952
32964
47313
44946
42115
20317
30066
22142
33530
26382
36420
21108
43599
21832
39236
28761
36093
27414
16508
31190
14737
7830
40463
48049
2928
1360
7956
27730
32640
43938
22828
10424
26524
44634
30720
16939
49598
17238
37156
25524
41502
10772
24447
47404
45521
1394
24452
24081
2207
44281
3114
37813
567
9611
24733
32699
46215
6159
13579
38826
37095
17454
46525
9528
28671
683
8190
606
18150
30698
28403
23336
47110
31243
1376
41148
10774
28083
41499
16561
49597
34452
36101
28208
47509
19082
32713
42612
26994
44793
46226
22264
12169
10599
24882
5839
26791
41679
47747
49646
39192
4635
37685
17784
44797
20494
41004
18726
16492
28184
18844
23484
49456
18361
28368
21919
7927
10109
42190
16926
30635
38430
2294
22923
45317
44189
41364
15174
20141
25586
42073
21134
49892
22725
25137
22370
21852
22893
15056
1529
24888
27489
36061
7910
2556
27809
23256
20610
25178
14432
11737
49968
33159
17666
48676
21520
17396
6709
46747
15286
43836
27103
18096
6639
5209
10966
24138
28434
38546
16539
10596
1227
34770
14711
27718
43618
30562
22861
43021
17763
23972
37248
28578
38422
31207
48947
16124
7353
29816
14300
22650
3779
23642
40330
33943
27583
42835
22213
33219
23671
7006
9607
10209
32739
26542
30327
6152
10746
48482
26853
34818
31967
41515
39679
40499
12685
13055
49009
45883
36400
10129
25682
14438
45247
15515
21258
45541
32517
19279
26284
27153
14710
28536
1292
34038
17974
16591
49899
1619
29856
37157
7393
43069
11052
41061
10444
34580
42607
25153
31135
41444
12147
16889
19791
32958
38018
29834
17095
9503
14442
43298
2813
26778
32556
39370
37922
22813
36898
21015
31147
26650
30451
24071
2077
7078
34998
7288
17953
785
37577
23354
36957
42004
39854
4807
26473
22186
15735
42402
32216
37797
13129
37347
11887
22884
6289
22566
21782
16527
22358
34841
42189
49010
41953
29803
7457
38325
819
13860
31881
10165
40049
10750
45892
37100
33095
49882
7453
11441
36920
1294
21021
28908
8547
8025
45445
46776
40439
27125
44603
411
40205
39899
42137
17148
32247
8082
8943
16576
27144
28215
3436
23085
14391
17984
29765
2384
16175
25898
17679
2185
12656
33921
46511
46867
26268
22492
11725
26908
28547
44177
38684
25107
24201
38339
27000
13213
33499
25007
40755
5690
12358
14146
5817
49633
20587
18460
34791
36620
49777
17998
31184
26752
1213
45649
25712
22192
41603
6741
4683
48134
18701
17832
29944
17976
39671
43721
31700
36763
41640
46528
34888
6857
2912
9930
10198
7016
26636
42410
6121
34380
10995
32029
41369
12577
20191
44709
14398
32636
3940
11681
2264
48972
33318
9676
46955
3714
40669
42871
2678
25502
9601
7387
34336
6501
13392
1115
18894
32796
43637
23604
21114
14273
27425
43845
7887
16913
41087
5084
25427
35960
40215
11101
42994
2385
22833
19057
48751
48498
667
39016
9132
18524
5051
16786
12272
43696
28909
14218
5312
2145
29690
36865
3198
7832
3412
49588
17851
34764
45031
32485
30297
2404
18971
25481
19609
34123
27114
49823
19525
1260
6004
10011
35694
42821
10106
23426
22948
28655
13267
46725
6659
3425
4036
16106
9002
32234
29507
8761
1743
29819
49602
31043
40773
17810
17162
37420
35035
856
30957
32599
11392
26629
30527
23014
8122
16678
21745
188
38924
23846
24198
35051
324
41404
20534
22644
27747
33870
13340
46523
14623
2108
26759
47219
13410
15468
22542
44658
42909
37328
2330
35377
28937
43752
13862
5686
8897
44982
32753
41259
39438
34517
16214
33273
30029
1449
48231
3428
27792
41399
40291
37859
49403
20642
16812
19366
27453
25525
3070
3238
479
44489
32399
6362
16664
3471
19491
33839
9239
45687
31533
44484
655
21027
37645
40254
21902
49786
9518
2105
8884
29605
2320
34444
243
46193
43889
14691
24291
13517
1633
26215
47845
31025
47632
3562
2315
14400
4021
49508
31230
47394
43792
25218
28294
26253
46853
13091
33186
49696
3801
28570
29620
43002
43330
40590
29639
21171
14270
37448
23147
11571
31691
5215
20274
25538
21585
10756
33193
38755
16868
23619
45211
43842
48560
1857
41921
8543
22541
49034
30839
1733
35575
27387
12937
24464
15749
44394
47943
37984
1073
27461
84
14439
45242
20473
17478
33073
29180
26541
4654
26745
12400
32653
30761
38320
11936
24365
45250
28321
35963
36687
30068
40108
40103
6570
45243
27558
589
25289
46487
44699
3166
28504
11761
48710
14313
28695
7313
30316
8996
5836
31231
2751
15491
35501
7267
18457
11772
13990
5203
15436
19105
28147
44547
14042
15654
6670
19310
3737
46839
41109
9544
7566
43309
47883
20757
44829
43997
12046
4518
39984
38613
35849
21912
14119
35308
42458
13390
16270
48632
26362
42111
26869
41957
22578
9364
36588
27365
37483
42548
34160
31375
17626
21930
3187
41349
43170
35275
10722
28568
32114
30516
30949
36745
35704
48187
12821
38314
42960
28898
45222
30691
46643
13880
4485
2151
9527
43950
13637
42523
47291
24756
10784
48852
37101
26782
8929
36445
21646
43877
24241
10844
17212
45801
24607
19118
22356
27127
41097
37000
127
11821
36253
45016
8097
19245
21731
45978
22143
23750
19720
26860
46485
163
20738
36893
47275
35261
29257
34957
20688
29073
25015
6521
15327
48472
19209
5140
22758
38712
47870
18443
15811
6215
41845
36411
18446
36923
41219
19068
41153
10449
569
19658
41665
10130
15672
1275
21273
12259
47771
47796
25034
2047
28947
20260
29484
28982
34582
3272
34649
43675
48454
38367
45976
32299
27351
21129
32205
26194
17681
4999
45755
31646
32019
29121
48196
34656
34803
47011
917
24729
5439
46242
5994
48652
25942
17769
42804
36206
9367
26841
15250
29780
27307
22597
13610
7543
14754
20182
22056
40749
660
43485
37106
45258
5884
21352
25497
33846
11840
6396
46770
2218
3293
25224
21787
11956
48689
39889
27007
21294
15124
39787
41287
28488
12541
34900
8241
21049
22976
12437
24345
32311
12606
32941
32385
49037
48040
6749
8125
16606
35987
33246
6538
48604
10917
42278
4401
19341
22193
39071
23179
13690
29841
21119
10679
42882
36852
8667
8808
21639
1339
20509
17688
37118
23303
45673
2233
28545
17841
36038
24594
4257
48241
13983
7251
5227
1935
46595
49391
14956
43490
20222
27767
29471
12546
12662
2673
5599
16538
22511
35657
3325
31535
29678
25135
40427
21553
40874
18114
42697
47550
511
48993
32222
49582
20205
10725
26453
452
5062
33270
49171
42993
393
35900
49416
15783
28931
19818
35587
11376
45400
38803
17825
46427
19892
35872
49393
1088
16162
29672
46661
30
46869
11443
5037
30309
28935
44300
11484
42830
41437
27372
17014
39496
27482
15727
20784
22110
43630
34715
26771
45477
2866
30943
46243
45048
16727
43763
40032
14894
15723
32041
29117
9338
22744
38421
27660
46767
40326
4007
14591
23755
16326
38508
11234
32530
48492
4563
35157
21154
42789
5208
23772
7612
30441
22791
13969
29900
23146
28099
49851
22961
29604
32280
13451
22167
29546
22066
46810
14275
23794
35173
12061
2720
9026
49653
47613
46607
12724
8458
19992
26387
49988
37515
36416
18431
14366
18732
8965
47997
16689
47635
2546
19735
5107
3550
19122
34929
43068
5589
41808
2558
1828
2828
12122
10048
44127
30320
4773
32857
19740
16170
45947
49480
41730
11580
46268
27513
35746
7427
5365
31715
23655
6667
30511
28777
9660
26904
26001
47656
41471
13300
20306
35006
47761
6939
32189
31192
63
7286
15521
9744
8992
1977
29850
43749
19342
44211
48847
5849
19168
22979
6403
13418
10329
33717
41472
26414
5656
45660
6149
44321
2685
19066
38835
19380
43503
38616
41900
3656
27980
40118
26972
45338
5970
10167
40177
37611
10413
41421
6654
39940
49064
39861
25293
6384
17750
19308
32251
2581
11428
30065
22971
10281
38003
11229
15666
30566
44080
229
33829
8271
25447
24334
22667
19645
43085
36466
17805
9440
10985
45724
19566
34042
12021
45643
37559
3222
10605
34127
6162
11482
7366
43657
33078
15031
16931
35862
19011
19278
24459
26418
8318
12503
36590
7622
29505
11357
32116
29302
8710
45324
30191
43459
23513
35452
26701
22579
35309
40559
28736
45311
28789
32357
14766
21768
27130
9902
46871
26227
14983
24801
44406
36974
4028
36861
49839
8631
1880
24770
21054
49652
29143
33725
11637
1617
41122
18043
40425
20972
37238
44751
33608
42516
24058
31580
41462
30883
13447
6068
26823
36940
32686
12722
35600
11176
21243
37175
29805
30371
20295
23268
13011
9724
46705
19779
8402
17565
13264
4435
21378
36286
48018
30796
49667
10977
29756
22039
37122
30518
11986
4073
43195
16038
26184
5322
14068
9133
46844
29281
5765
30386
17025
36234
44330
24481
26321
7277
13485
15970
35056
31005
18560
44636
45963
26479
42026
49351
35968
35439
13014
9946
1756
119
9813
30372
1182
22227
24207
41880
38355
13480
34020
3738
15102
35066
45041
21364
37070
33365
15479
28605
36431
25405
41409
31456
3478
3878
49265
2253
23514
40480
31775
31955
37802
6544
13972
19298
44832
37468
45588
23700
35650
39936
36786
18681
33070
43308
26270
26693
4424
37503
37584
42818
5127
26328
792
26191
45468
29970
26040
41993
41581
22010
45624
32664
43229
44702
5220
14855
33323
12873
18205
27258
31735
36359
12315
19367
48748
30782
6869
30655
3102
36570
17507
16377
36697
27361
42529
31250
8744
17359
36380
20331
43371
19778
28200
7934
41343
7463
36548
47216
1937
21403
11708
28139
17961
12996
10931
21549
3970
45189
11838
18735
42613
32318
20134
16497
42773
16511
49790
24285
46285
13262
31997
468
42600
26631
40109
47155
44814
33578
33422
17457
13617
11126
28774
9868
37073
2566
32414
37674
44790
47682
28108
14511
48261
18824
23701
38841
10353
20504
26492
48930
47206
3226
28750
38224
6059
45285
28548
39344
5239
41388
41290
25306
37598
41663
4909
13506
21492
9192
35008
46651
244
1120
9309
8293
18620
35156
34009
9437
1018
17716
23485
18772
17468
4379
31520
8864
35783
16389
41496
22638
15826
48212
34704
31304
10014
44481
7628
29099
37460
30321
47515
43611
24826
25679
3692
24974
25742
3984
44597
31600
21773
27524
29664
44998
30703
34899
397
42815
13767
16255
1693
11837
6398
36459
16458
18879
12073
36849
35283
32551
7448
11057
33094
15567
28644
18248
11721
30341
30700
25544
19322
6550
10718
37491
12480
1306
28220
6820
15685
32605
35400
21412
45679
809
14175
27095
11691
45861
7524
36482
14991
42974
25739
47984
35788
41777
2835
18542
47100
43274
25662
34019
39592
32163
34609
12831
15037
4327
2226
17644
1101
41626
9830
47180
26945
6194
13812
151
45471
12049
1006
40312
16660
49036
4157
9783
10200
10289
7454
19567
13427
28081
45508
39533
25471
8039
25011
33538
4465
32611
4775
15019
24057
2569
40094
23055
20781
19477
33924
22429
46787
17863
10591
40665
4990
44478
20770
15549
3879
45228
28807
22290
8780
6568
15876
29519
41221
9635
21554
43912
48199
40738
40557
2205
38883
23890
22235
22806
43759
30716
6098
13820
4310
10307
11278
37093
16084
25018
33474
23970
28274
27373
16277
48284
45726
35864
8697
12031
32544
44187
23845
48023
40420
23788
44933
28016
22120
26254
10909
23384
33545
20283
26179
22402
43760
36761
803
23978
12623
12219
7755
36352
20346
16057
10732
31575
27022
15001
26246
1803
4805
24393
23876
15134
34297
6365
29149
25888
41133
34903
47157
255
15635
6028
22810
10929
4417
42221
37179
25905
2824
39272
19588
46221
6786
6838
26222
5044
865
15115
12690
24709
12446
38153
25294
26881
49332
6971
40072
39896
22989
1048
48979
17345
45790
1118
21736
38293
30308
13361
34416
43753
47526
17790
43694
7255
6985
20839
43911
35028
32602
15448
15152
46671
39271
35158
30960
11486
31294
6184
27102
8272
1652
26785
3424
29387
41901
36606
39655
10937
44742
16071
35025
35603
44326
11939
22094
24463
32685
25393
13987
45066
34857
35579
22128
26825
19157
25972
28290
30012
5402
16523
16579
42266
37943
13834
25355
22592
45226
25060
11848
11280
33517
32848
25385
34308
30208
27685
31357
10712
48488
9232
8302
694
6066
21381
23433
33290
31333
36941
29628
48858
14156
4407
1569
15375
28040
49475
47193
33384
32725
46628
33404
46267
29498
28084
49220
33750
9078
25469
34852
36337
10265
1362
33293
41051
1422
47725
26345
35221
35207
28234
34258
35909
32032
15510
43398
19287
38572
1640
28850
9873
9214
48636
33518
26607
31348
31593
33400
48869
23721
7756
1680
20184
16183
8347
17654
22723
8855
15084
26465
11089
23732
28837
9206
19391
7950
19110
20717
25291
42214
2434
3188
46878
2473
22099
49061
36728
2161
23535
14070
38849
22207
36350
32623
14603
5664
31784
31964
10994
12402
8787
42224
23836
6782
49794
17219
43885
41770
35597
17181
12170
27540
7822
18348
36804
36454
45607
37015
24494
17543
18500
49913
19743
6416
25572
45389
4240
44130
44109
32531
20888
25626
14224
25240
46756
47381
43519
45891
3262
28687
39298
29694
31398
4451
32888
23742
36415
10561
7445
30073
43482
17662
11694
16823
41937
25403
1577
28318
5232
39980
28214
42722
32778
44939
21023
15630
366
36450
14555
21070
45313
10627
48499
45740
14613
34
1987
10827
3735
24873
25021
31628
43764
40533
5669
47281
10488
44072
38531
45132
34263
34947
38995
17502
47726
9158
18372
8880
19037
46403
29576
27651
23782
4728
30646
27464
4585
45175
43262
29061
21436
9530
29880
40868
5554
30136
15178
9689
37281
9023
8694
20803
43265
10313
16419
24806
28799
41918
38637
15791
26975
13469
45115
19927
45535
48150
1276
33264
2631
39922
16428
38252
35434
23800
23201
3700
13093
33527
30052
35466
10517
27642
2337
32601
16776
29104
1707
9492
48421
8198
13117
36103
9591
18127
4196
37779
38051
30817
24021
28466
49907
10450
477
37602
47443
18718
34329
10708
41175
49831
20073
7715
2259
10654
385
26901
24568
47389
22107
14652
25088
12580
46932
31152
12407
15581
14583
10300
12531
14321
878
31866
6002
41335
37261
25978
27639
30694
40921
45054
22751
83
47120
9922
47630
47444
29139
13989
37583
36128
35019
48116
22238
31223
7275
343
9134
12
16899
15332
24098
25090
23693
29045
42005
3536
25231
2112
36521
34368
15275
6989
20592
45393
6800
4055
40618
18662
12245
49141
8180
35993
21526
12366
26530
38328
44959
5791
22301
39812
34408
7678
47012
33688
44812
15262
36527
14047
30387
12818
41762
34659
38887
41230
6724
41340
13377
47552
44245
4336
20813
37404
20564
9634
41764
453
31126
33373
35713
6469
8297
23500
36950
15288
17131
34694
16849
30669
19132
43188
45523
19354
21956
11972
47322
42399
47350
4589
43570
36846
29068
44003
339
22062
2862
4878
26584
47242
5810
18166
9118
49017
6819
3647
16964
26738
31141
40511
23977
132
43601
40150
25676
12489
35110
149
12044
5652
14145
16263
44282
9957
28743
8641
7210
7055
6324
29677
1792
26003
5828
23234
7634
21972
4283
20164
43397
41024
2429
25250
32774
19761
44720
9253
31227
11426
822
15741
19713
5938
33083
14182
4521
33679
6540
35159
48611
15188
21748
23059
43754
46116
9399
25274
37110
18798
33233
31268
1205
40213
22680
25944
4429
15868
34901
49258
30532
41729
44749
13253
4269
31714
46455
30776
30831
34484
26495
10056
43135
38225
26694
37266
24091
8026
37806
25298
47311
27531
40547
16908
32912
7552
18436
11983
22297
46864
14745
40966
30428
8248
40210
21061
12458
10846
9682
26435
664
10469
33881
26862
20768
39632
18137
47794
43125
25133
47380
37824
13729
37032
45433
31638
42715
17333
8277
16844
11142
28541
6658
36238
19906
1046
17803
16146
462
6886
34554
38888
38283
26463
44608
19514
47560
966
20874
8638
1960
8935
7534
26036
29996
20937
26514
24175
43435
45387
40768
7481
21169
26592
3893
44623
46952
10312
43664
44368
43429
34150
43720
36906
45249
13287
8227
808
15283
39354
28020
17590
33940
22801
44152
11678
1715
29670
9443
40804
22930
32097
39070
18184
44469
24980
43436
11220
11159
38880
21295
13057
16874
37796
40744
48324
37419
23767
38961
15041
49742
6873
19336
7718
45751
4280
15025
26257
4676
31370
29933
39532
34179
19663
44094
10485
805
39722
10178
40244
43674
13315
27784
14404
28474
36840
21346
49191
43479
49284
17802
23844
9261
19044
12161
29748
40568
23028
26688
9256
49644
523
21057
45626
11164
36193
5578
2317
5099
40820
16784
10179
40840
27054
22292
29334
258
42498
41994
31176
35072
8807
48915
11633
4054
15879
35417
7148
40285
16503
17459
42875
23536
47440
42123
27940
3179
20612
18709
18739
15976
11905
23950
30729
1406
40378
19343
20615
12481
4548
44147
38651
36049
44964
22841
1718
7144
47255
76
19881
2039
13234
38702
24225
44844
30963
10946
46085
24655
11763
6315
31461
25810
25310
1824
49982
19099
35567
39245
28979
7066
20352
20195
3416
29868
49763
40002
30915
37224
9119
16910
25842
599
972
478
46257
21792
16276
27458
16587
10928
48341
33200
32398
45000
10302
4405
4829
9297
41991
46843
37384
42316
13342
39661
18623
35887
3332
34525
1145
42288
30800
7925
7090
38573
40384
45261
19039
42196
43572
3030
6473
39519
1150
16346
4116
45176
20382
16771
49286
12359
7852
10326
1188
19785
3175
1946
16551
41030
39513
3575
4398
14527
27429
4152
46764
47483
15692
4742
8350
37722
37126
35475
34567
3250
10012
17752
2926
28900
28719
25530
22077
7164
46860
7895
14642
24436
36342
47840
37656
23828
1466
27488
37092
26504
30607
35021
14384
17139
38004
29428
8973
24710
4234
24391
6038
22799
8442
49328
32424
44822
33758
12202
7113
30677
15713
41744
18792
44668
38134
13733
37926
15403
8592
41130
8008
19543
19816
29485
43953
38127
23274
8433
25149
3044
20347
7705
41506
39562
2779
33733
45373
37508
32724
8671
30882
31292
16181
48777
12832
31605
6681
23310
3489
49838
13635
23980
6221
31785
21029
24521
16763
29577
4704
10614
13039
20932
47542
2522
31368
40081
46855
27774
34564
34752
1214
12353
26005
39478
19854
9162
45315
41265
3368
39386
22547
6623
7238
42078
46566
29413
28429
28780
968
28724
40944
35493
4533
18908
24049
3399
20496
32350
29903
18976
17047
15597
2971
22972
22340
28734
2670
33044
41118
26407
13350
835
5822
26940
18033
11397
14086
35413
677
11316
8178
2667
21503
21347
13402
1830
8650
108
48962
15636
6868
5237
1262
31334
22834
24809
5527
36924
31027
32244
1563
32082
35376
47043
12249
40832
18152
12977
42113
29228
21466
22729
41587
1860
21872
28714
10932
24523
47287
46652
4017
2491
32056
811
36501
26331
22691
14143
36312
24763
5058
45616
27631
25655
17856
37633
25861
11790
30124
6091
1729
14567
38909
46482
7929
18612
35197
21370
31070
46392
29275
33419
45774
33504
12846
18301
29932
26674
35465
24134
9687
7075
12448
7992
17503
30057
18581
27294
41623
9974
47679
38089
34388
8276
1295
41106
21743
26805
30603
32873
41825
36733
6815
44876
13826
49916
40417
44593
14532
26459
1392
15664
25191
42043
24638
37295
26909
20431
6482
17143
12864
1225
33746
37714
49231
48874
36981
49871
47484
40160
39205
42057
46393
26762
28564
28672
40185
21399
46024
29240
32197
42274
38519
12257
36503
14434
43537
31165
18406
16299
21662
449
24535
44111
25566
20730
26344
47169
13346
46309
21907
2426
36646
28004
35734
22349
1348
37169
23841
49301
8840
31505
36669
49599
27764
21831
17498
42546
49603
27459
14408
18795
14765
42253
5541
14759
1170
32851
4317
44598
31324
8343
22955
46663
41752
40788
11968
49168
36591
17274
32065
39918
33968
19809
30014
45514
19032
14889
26289
37977
10874
41018
13167
44806
46682
43210
11843
20270
9967
16903
34711
9354
26938
35139
33954
43445
46279
14423
14274
27312
7488
13459
41150
4550
15653
6488
13343
47056
19288
48031
20708
703
39801
23465
49321
32612
36121
18934
30560
39184
14832
42849
41781
15759
28388
20677
27978
18368
39759
18025
39996
29594
43080
13624
10232
38620
24747
43431
25735
35844
13768
38152
15333
2052
4671
20715
12109
42592
22898
48892
8090
16261
19728
12561
25751
32160
22487
11874
32045
42611
16981
43097
39502
48453
30146
39594
12990
49385
12585
29874
25563
41870
1512
41851
49579
41630
23760
7916
25336
12565
28256
17737
26275
42916
22296
37178
13489
34049
5045
48759
40038
43926
26055
49389
3743
23730
33395
32058
7403
31105
21950
15622
30273
34975
41897
47646
17124
23848
32665
21118
30235
21740
44135
39327
46100
29445
28735
18984
20196
21761
20061
35451
25535
33456
22670
26023
22991
14198
38264
35561
44993
27986
44164
47657
35837
40074
26538
27172
1907
26263
21663
280
8376
18400
13666
35841
42857
2943
20023
13019
44371
46290
19976
7499
23814
41829
22959
10672
2304
49251
6763
6130
40404
32671
530
31779
37180
14946
37207
31420
45907
21556
29906
15777
39244
2586
43787
41379
33637
2727
47266
15200
21860
27603
43149
18929
2031
30816
8311
39891
14299
30181
11137
35029
15769
33427
6491
7729
28233
46640
24593
35248
9204
23491
44138
1533
5761
45072
49377
47568
43079
11211
40066
45981
1343
32627
10347
43377
34347
6644
18564
27753
39739
40893
15562
7975
20082
43481
49474
18937
2096
46837
29968
42086
17301
11438
1034
25304
49235
43252
26770
1670
12607
21498
33274
19840
29627
2517
49795
16864
26185
10304
5452
30712
37815
11259
46851
22871
47505
39973
2547
37241
21582
8848
16819
13202
36914
41854
42604
44990
9409
44475
4305
10763
5775
44143
12338
19016
3439
23204
34539
9129
424
4369
30148
19765
12250
15985
31930
19804
39316
16451
14333
48382
20896
7346
38983
20544
3118
42923
39181
19620
19815
33484
44212
23611
22938
2689
28418
2938
17105
11835
47274
26432
28669
20060
18570
1982
20084
18468
9549
49559
12411
30715
3051
43839
49079
37905
42362
48929
14176
37316
27367
31962
25444
32049
36261
26501
34328
45443
49249
20399
13116
2405
38987
33633
16830
37872
41145
20033
14923
43708
27199
9086
35065
27090
34209
23863
34866
38724
11320
44845
22718
34051
1189
2528
33306
28924
31917
36220
29960
19029
30473
6699
25423
26400
36660
12015
8221
22494
10003
28915
27143
22482
43740
7689
27150
42679
17078
7380
11856
11037
13823
27672
44969
27863
35091
37546
18010
43673
39515
49018
25924
12464
48832
39702
35322
41317
42628
24546
27906
16993
43823
24497
41299
48722
11135
9996
18731
21088
36996
46976
38123
37949
24442
1847
46406
20001
35996
33236
42704
10681
3578
30911
37737
27664
16463
19967
42779
23722
27678
44238
48807
33632
15139
24913
32453
22377
24684
38170
7162
6901
45886
31749
16701
22325
26310
6506
39249
33448
46539
27381
7204
26216
31883
11311
12890
31266
11442
15476
27939
45428
17762
14113
47919
18828
41697
37717
29539
16355
29093
264
29965
34772
23479
18974
43296
6205
36004
16968
29548
49163
40017
48008
37342
1013
41271
23030
10229
40705
33862
32777
11955
2001
46398
13304
37430
37970
20277
29063
6280
11953
43362
11588
49040
37891
30681
507
44298
11782
7691
27303
30133
44392
38500
46104
44735
10161
32834
48217
29209
18179
28708
48012
49724
4062
41423
23423
33904
27676
25400
10801
9475
22152
18647
18480
3361
1899
352
10140
44006
27126
12120
5598
4437
46166
20930
19723
22361
8972
2046
49485
22130
41427
8330
32928
33403
43779
31064
46715
41294
47683
38810
21472
42025
14961
25241
36344
27417
16956
14590
19174
49919
16654
841
14461
45926
14608
43535
5887
21003
13378
44884
22967
2944
6248
14812
5380
25166
17236
45716
27667
34996
31405
32230
32694
18588
21583
26468
25675
24022
24700
7588
10592
6182
24419
32256
3557
36843
26748
24834
33284
25778
47514
30931
26814
8109
13569
34110
45496
27034
417
24569
35380
41452
23731
40280
9453
4637
21025
42980
3983
33363
21692
45677
24135
30395
32144
33864
48512
13751
11
39160
42926
27116
14095
29876
41487
27897
43239
33069
46816
40684
19162
33137
34230
48155
4886
26513
38812
1483
19359
7687
38242
40623
32924
19849
48359
45136
9753
43922
6198
23023
12702
23809
37879
48769
17650
21287
41675
4867
32988
36648
22206
5705
49564
4132
18889
41002
20315
11973
31974
20667
39345
11788
47292
9667
36867
27811
5636
28843
8960
23079
24609
6353
25790
32439
8195
48218
19009
46734
39166
26655
37777
41460
39462
45919
19439
48694
5296
26428
20861
29950
34796
42064
43030
46061
29329
34867
1819
8914
27505
39234
30554
49739
28683
21454
40249
25956
8974
10015
5014
6909
3829
15186
43421
19788
41149
13237
44516
32751
15362
25822
3811
3517
34605
6687
19389
26447
45335
828
2078
40558
19255
17322
7485
714
8384
537
18343
7362
28481
42631
39396
36649
2463
48559
19551
30582
45058
16236
48071
13984
47531
12124
2414
37769
8412
47414
15447
11035
13646
3752
27076
7750
40087
22789
22743
48272
23561
24435
7570
47872
44898
21115
8001
45239
6622
22997
12417
34334
24260
19606
25652
45082
33298
41759
35796
47413
39844
19054
14896
16423
18259
43472
24654
30742
29755
10206
44235
45937
48805
21612
11946
13857
24807
17214
28784
34844
1140
9457
44146
7123
1927
47787
1752
41704
48667
17420
31038
42619
26497
39823
34875
45653
29
8418
13468
3338
37425
38092
38521
38037
25277
3570
4736
29667
45055
14563
45667
24148
4977
10293
38162
22717
47897
17542
32413
47651
30062
46000
32262
6590
33062
4810
1458
1920
12260
14268
6536
10978
35043
45547
14782
24485
39685
28405
13534
17898
27793
41284
31113
29915
24530
15081
1136
28307
29529
21117
30218
12558
11674
40877
36510
21671
27206
6789
1958
28583
18488
24721
49331
20617
15103
27880
28740
38138
16556
25046
4454
24008
44166
7018
24667
45520
4915
414
21292
35660
8877
49174
14546
47941
31074
25211
24780
17123
22045
45532
4569
28795
6799
18898
40155
12019
28153
22230
19799
34099
39098
39259
18510
40785
12786
9496
37127
36391
39979
1777
16743
25308
43762
1222
9369
211
45956
29977
146
31129
5717
48496
33462
29175
44865
5202
27399
11455
41247
27170
41721
35717
17668
45275
34561
7397
25109
3587
30421
23965
26969
34690
29901
15973
10491
21932
48412
20821
5438
39555
36276
47031
18528
2878
29916
30142
33755
4831
49674
26620
24167
16521
21573
26489
23016
6881
40119
7202
19782
6884
6636
5139
500
45605
3375
12048
37620
15600
12026
37990
2930
45206
1141
10143
5009
30113
26705
7757
34757
32949
34915
5567
21859
8930
14549
12155
25582
15535
26087
27917
44698
43024
47259
44053
9115
36072
39295
20569
39792
16957
20746
19040
431
14496
1386
19399
25906
13658
30184
35898
28275
18617
26589
14843
9879
22870
8824
23961
8795
35850
30215
4627
25737
39816
23038
11731
35918
1934
43914
41699
46694
14452
13154
46527
26637
31086
3786
2705
31802
2630
45215
13471
10984
6545
28881
41947
12761
28769
12785
13940
25809
5753
2139
21945
32378
16804
44176
49735
14565
1369
3669
11256
37907
19079
17866
6096
4476
24615
13156
7645
1327
48931
31208
25120
30152
26075
9595
20118
27094
2282
14572
16264
42541
40042
46631
1764
41044
34076
16430
11461
30165
6916
15297
2917
23226
46499
3723
3116
8284
36160
41558
6146
28759
7456
25801
12931
14358
39022
32977
19956
37938
34581
46820
3912
4997
30898
26923
18780
8172
30914
29347
8776
14061
9624
49230
43057
22968
38516
38446
21434
20539
46940
8600
38708
6076
44286
25487
13252
28105
884
27487
25455
37558
10409
36336
41601
23121
3603
31170
41576
34050
41166
34603
21106
7727
36147
49395
16768
29258
14188
35808
44973
40487
19397
24321
28341
26669
5411
18172
42466
1444
25832
19262
20236
37895
20755
38337
40890
40876
32283
32155
4101
33698
24686
37473
19281
44678
27169
43314
9704
22544
48514
15669
40689
42361
38424
41402
11749
925
28112
28354
46335
21053
15849
18415
42990
34327
11769
33000
30162
27712
40084
14401
908
15184
8555
44451
40796
28954
14976
6427
24893
41856
19114
34923
123
45929
24212
17701
30503
21359
47324
15032
23383
43466
37683
28125
28820
18573
9245
14445
14949
26807
39950
49504
9067
46168
24445
45824
300
16705
25112
25656
21738
41323
4640
45869
42778
757
38331
30947
13652
7683
18776
33652
13526
4575
25665
22260
45832
38530
20653
37232
43540
13869
15064
7223
30363
19751
18078
49553
6211
42052
16055
35074
33374
26207
18631
38793
19459
39455
4843
14873
9264
7615
46882
36769
47143
30292
35553
587
11697
11184
18536
30250
41720
27646
42972
14123
29208
34168
8773
34485
25746
40222
32574
29458
36266
28770
40578
5745
37348
10683
33317
25374
3704
12009
1330
38000
29140
29131
25276
31373
37209
25589
49049
44708
27389
5920
16681
24474
40907
8516
30546
8466
5362
36362
17959
40218
49799
17397
23821
17623
43172
26886
23785
6572
31481
26085
24813
25794
22912
39860
11258
787
31032
47974
22391
17174
12203
18276
16829
35103
43980
37056
26803
26422
49660
38610
21240
15147
3961
12069
3057
19070
1456
36230
224
41181
36357
971
18339
28393
1565
34608
6509
12949
14004
21616
15076
19010
33016
31796
33322
5185
21667
2484
8061
9339
26574
42979
23287
3437
43948
23541
37923
48631
17720
39047
38196
27611
32409
46175
20824
1888
42167
4791
26235
4149
21770
7807
9615
42663
31725
27956
566
15485
5288
25952
47714
37280
24621
29483
9164
42623
34083
38822
29338
44912
48599
19962
29579
14585
45997
38268
41264
39286
12905
29103
14100
23008
28311
872
47448
15208
23321
27122
44279
27715
38662
7884
6998
17649
7912
15203
40203
23889
44930
22030
933
8837
22048
17596
1525
6611
13902
31393
6950
35330
25456
38190
49926
10698
49308
18775
33356
20099
45229
49951
1965
10461
24823
32790
13360
46512
4660
10959
37408
47080
3739
5338
4506
1664
12328
47013
15459
43902
33447
9863
23717
20643
34754
48122
7742
34228
24560
29422
34549
6598
48637
24698
6255
22797
43179
43297
20921
19149
20429
14681
32773
17100
28160
11650
20285
49734
10454
13016
22175
10317
1099
45710
44962
1865
45876
40551
10701
47027
25762
11098
33613
31491
21636
12388
44640
3233
36300
45711
26482
16997
13219
29200
22664
30808
49909
5993
25493
35038
46438
21602
15933
20095
7375
42962
49095
26128
4761
43443
46807
35681
7186
976
3248
3174
22200
22645
17109
35927
37912
35669
38095
6541
45601
28960
1085
28165
44020
19328
2055
49946
41715
25079
14223
21209
10616
7784
47276
7088
29120
29785
4790
30271
20734
24279
386
16192
48885
31397
21620
33170
22476
2269
6372
20452
47151
43220
17128
44346
40154
47357
7764
32737
45968
7996
3098
14253
13209
10702
13053
28936
31380
36519
26
46292
1760
36251
21456
35483
36747
37825
103
14412
30671
9368
27456
16340
29250
8782
39680
39659
7084
17068
49068
35614
14342
31557
23516
13963
2012
9046
21756
10261
26467
13113
26657
17907
25792
45999
39379
40602
31622
10176
46944
40844
7894
26626
34148
3461
46378
40860
25756
38910
2194
39322
22755
2785
42447
12840
47786
6649
12160
2955
11785
20407
21777
33970
13291
40589
45763
27434
49762
16850
10225
12604
11131
15885
43025
9904
7746
3220
41188
28662
26697
29999
32017
47141
19201
45419
40294
21159
43325
5566
42479
21627
2598
37875
40125
49495
15253
391
13284
27428
26812
33906
753
34167
36847
16145
35133
2808
9018
9202
742
30382
27684
1325
8962
48303
12055
16794
19651
30296
37524
9506
20183
19324
20469
47088
42991
26947
22473
4106
23169
48509
37125
44108
3884
42719
45252
37956
3590
29809
49320
34837
5779
20203
22455
41262
28458
18561
11914
4172
41855
27409
40779
14043
16060
42408
10279
22288
12064
46140
9968
483
14927
3870
45220
24408
30167
31773
42392
43564
6127
8508
14919
44619
14248
41389
7181
11774
27555
26645
2913
5987
10504
18572
4634
10324
41104
40932
48082
39240
5520
6750
3134
4304
40678
45483
36025
44851
1267
11451
26610
49861
49604
40388
45554
44929
25041
26884
22859
26691
23857
7169
43828
21300
31029
32650
39276
5333
33519
7918
15792
25850
36433
24884
41811
34431
20654
29700
27334
4145
42540
15691
28072
40761
5013
19147
10027
32125
28460
30163
36764
2191
42359
4290
15398
14915
12207
32040
45274
37189
27179
40959
17352
40324
8085
8852
39414
10004
48126
47918
4189
39034
8007
1789
49490
39804
17957
32761
28120
42487
2479
40161
16639
43164
41754
6218
2957
20868
25116
29060
44747
15696
32585
29500
43016
21931
12773
22775
42395
32884
14040
29174
14310
22464
37772
28692
20772
18004
45160
19339
44204
16618
77
990
45159
19836
13900
12653
1423
39082
48471
43549
23579
16000
22250
18519
21898
42003
18808
44505
27693
13414
21607
5582
11038
37130
25340
26929
35577
8478
34376
12793
42303
48503
14883
16860
8424
39198
22499
25305
17379
10727
45030
20453
39524
19914
15663
5407
24646
2923
41359
24026
35260
26684
13822
49626
40433
39315
3666
617
41934
49848
38710
1408
9766
12783
1139
26313
22423
18071
4244
8337
43010
6138
22690
10896
36638
7442
26292
37571
28709
20057
15018
6180
1547
46662
30061
10792
2212
13442
44972
28236
17556
23166
11051
48460
32454
7432
27259
17671
39711
23933
49334
12156
31832
37937
18346
8238
6155
38215
37336
4385
18007
22291
9712
11027
33229
25373
2061
1675
20032
4597
5807
13106
39675
12700
7038
7081
38515
11645
7969
46483
42795
28707
7106
26672
42590
49267
23559
48234
7189
28653
34982
35804
41654
4762
11343
13501
42682
19662
18659
46999
39509
16165
18191
37353
41326
20132
12941
21035
2051
23833
21829
26856
47704
28288
16494
23443
44548
27183
8360
29227
35012
10171
1074
25105
48433
23734
44967
46106
36908
46103
41742
11877
36407
42526
31056
10357
12961
285
9085
15035
15605
27316
7287
32182
44091
1804
46885
23687
40569
947
4646
2034
21542
24437
34800
31273
17424
12869
41511
3972
28674
14593
19841
42308
3761
10866
35680
14031
3901
41041
4913
22651
10214
46583
24619
15202
571
11719
15835
49003
26402
29692
27382
9945
33412
31908
39365
41367
34863
11516
41968
17587
46144
4722
47044
14887
37078
29908
45209
49020
10322
49213
43699
18918
46654
18489
43062
20793
34965
33099
15917
45301
42583
12952
47590
2104
22719
35814
26180
15808
49631
41052
34151
33582
33171
93
5308
20122
15443
25990
35631
46719
4412
31068
25673
47582
6625
24102
25187
15628
16960
36430
46610
518
26630
43605
4114
20907
5441
15125
24046
18899
46049
19179
28372
1187
46075
31859
12341
35406
46284
30739
22762
39002
13424
45839
41693
39395
17500
13224
29709
13727
37228
47598
40795
39403
28967
21818
9379
34738
20415
33577
42894
10648
22756
26874
28207
41971
20070
43638
19541
31818
21214
34285
43849
20393
4426
49392
18142
40635
8105
23580
9455
27275
16944
19435
23402
13358
13257
23768
41639
28559
20525
2770
23628
28758
16136
3408
31555
27787
24731
13697
35373
47736
7206
19153
9695
10142
45857
40007
16257
673
7305
9255
32009
5378
26508
4470
38239
46239
13227
19274
35347
14385
11264
26083
14850
29442
12098
29274
4505
33426
29162
46188
15376
12997
32195
8998
39404
48644
22063
15618
3499
17375
27861
22239
35534
21754
47808
14891
20174
28866
8483
6476
2791
35697
681
9806
42285
8648
23148
4910
5393
47097
21306
2904
21371
49955
22111
48555
1850
9841
35407
49338
11575
24465
10503
14615
13433
22692
10336
31872
20198
4649
39061
13609
14988
44773
46676
6647
26986
48812
8365
40528
7030
26985
17042
34892
6330
34000
33926
16695
37211
24550
3078
43883
49751
44617
10213
8621
49272
3110
17136
2213
5394
39282
43756
28730
46422
17226
17520
11281
40745
21913
12683
25056
31139
49594
20368
39591
21734
20456
9852
19943
34322
7785
8556
41681
47667
46847
11845
10943
24383
22598
1969
4723
12491
17308
28987
128
27700
28703
33693
11024
33784
15304
22017
11744
17553
7138
8681
40900
26926
49655
21323
49084
29393
22343
22406
34428
46124
34193
24289
23044
36247
11768
488
21145
40756
46352
36360
39065
36386
43952
9154
37139
34003
32425
21996
19468
12980
45579
36844
5498
37525
15316
27825
27498
14824
29587
47497
19837
8320
46202
16009
24967
30323
17402
8132
40822
17710
12502
36046
2644
20090
48627
28136
16541
48316
48224
24785
12953
24460
20536
23122
11029
20618
12050
11736
8329
24188
14921
679
3099
43250
31666
11271
11829
30551
18890
40793
1511
5309
15700
21940
46448
31429
13938
16810
31321
48609
4778
14958
36855
48924
45331
13293
5875
39121
12879
32410
8309
39459
31340
24755
45623
37394
15551
19725
40145
14776
41930
3056
24470
16306
1853
19736
19202
40825
21126
2493
13005
18819
17152
114
3033
17175
27439
23232
20308
46888
33887
47077
2776
14397
4812
29166
2138
47932
39708
10963
46679
22257
47551
13922
40915
41147
18398
32447
39615
41356
14060
13364
35253
20892
49216
16454
31838
31772
5622
36676
6142
34332
46101
14429
33938
31682
1498
23650
23145
9845
19184
14999
45718
49738
39448
37001
6503
9262
49560
37153
30736
27420
10935
34034
28026
29867
1443
29925
28530
31523
12643
35546
32524
21245
26323
17467
5465
14130
40286
11958
32057
30390
39503
9153
7674
32121
24841
24182
38525
16879
6113
26695
43718
39564
1845
17751
18805
33818
38871
48068
18594
17905
46323
1030
39760
38139
10355
4653
7369
42518
45267
14473
38481
17862
34666
41256
49198
15437
12907
43115
23412
15890
44652
10535
9282
7365
48119
40051
5469
10809
43320
5522
22050
32516
47929
26668
29026
37243
27376
16477
45053
31335
38360
40157
22852
23638
38105
44909
35324
38674
5478
17147
44568
33310
43413
5036
26032
36381
3115
15434
47036
7338
19133
16404
429
25333
42267
23134
43102
30401
49649
14459
11987
1716
28990
15005
29616
28400
12035
6035
24073
33406
4655
28995
20154
35874
29777
7443
12240
21993
37678
1740
3664
8048
6977
23288
14258
8501
18041
3022
40471
13772
1574
16813
4966
26478
28658
36378
7854
49684
13477
16811
47973
33771
34072
33564
18200
2106
43452
17435
12514
16179
5752
1912
33815
33249
36537
6926
22163
21766
34853
17053
16107
37172
45577
21375
4678
2968
39186
27589
11331
29457
9313
5545
25118
9466
14571
43487
36310
4038
37758
49528
26177
15832
39682
44452
16242
22345
39581
4129
15956
35658
2344
14035
24674
30547
12711
49343
27706
24533
8018
38262
40713
40259
17285
36796
10936
35367
40325
24658
17511
15027
33903
49453
2326
29697
24908
42860
27418
39608
12666
44491
20508
11102
619
8938
5533
41613
14157
24387
13868
44961
12618
24371
3877
43808
10760
44145
36549
7565
9006
5091
22669
40827
304
39274
28455
2033
29630
25124
18363
7155
3547
13582
19646
20602
1770
16772
28499
27010
5496
11127
3482
2389
41917
35791
36963
32693
1447
38488
23331
49155
25623
15269
32383
41344
42248
16455
15860
4318
44365
33716
43455
19041
31115
3767
44462
17936
48730
6196
4467
35077
5251
32204
38796
15873
22160
23420
48673
6704
28435
48132
48522
47270
41519
8756
25261
42209
26020
23105
13269
13060
4475
45495
33587
43656
19108
39906
19206
35621
20555
12609
45310
20190
23630
8141
21431
36966
41751
5179
32867
41528
10262
31723
9962
8911
42873
30725
29066
17371
35855
39990
27762
12624
42559
5369
28922
5901
45889
45645
17071
15966
8865
19126
47868
1722
39158
35894
39723
20651
20065
42480
42455
21784
18269
19159
45134
35943
12877
20560
17670
26381
41641
2206
19412
10344
8568
23273
8212
11130
4629
23213
17320
19362
16602
36460
20424
47051
47788
22668
9287
37427
49990
40928
1658
17311
46927
34455
45379
29987
33715
20671
12742
21981
18168
16543
31996
35937
3717
44539
1435
49126
43688
34615
2509
1766
20039
16406
48127
34465
13385
1917
23569
21750
23762
5813
18867
30485
46333
35022
15910
722
25285
25363
7810
49769
1055
18638
47669
31953
36012
10294
5869
26273
15226
11550
23155
33754
29262
31950
45860
11707
6562
26015
36624
13270
25459
49303
27138
1591
24406
40243
12838
18905
7428
11249
28668
5115
9637
45609
2008
44798
33592
43623
12383
8919
772
45186
30221
15949
31108
33334
45029
29001
7059
22901
13758
16230
46213
5923
49327
12234
33788
1469
36358
36821
4100
3963
4732
8509
13616
7959
26411
47272
15239
10062
29318
4888
5874
22095
38099
36402
1007
13214
31790
44039
26557
19150
29141
37688
46966
15246
30304
44142
18275
20077
36036
36965
1463
23689
17534
12620
11638
23468
30670
7908
39486
3342
17765
23196
29277
3385
18902
20358
12915
40549
27308
22025
34488
27203
8486
10425
3623
7758
24734
43588
45145
11288
48400
25610
15819
28187
12603
33449
45364
4711
13042
1041
25948
49511
25579
23187
11693
25929
8854
14471
9377
13238
47882
36645
4529
13803
11329
32760
3533
28911
11306
36113
46774
13836
33398
31215
31013
20340
6239
2982
46574
36722
38460
47025
47188
49420
16068
41038
25565
21327
427
36356
31083
44070
45893
46006
48147
31326
15657
12435
40207
4340
1848
49866
42848
19832
33824
29419
29898
4489
34133
3215
47996
24313
41952
23205
216
31770
45561
10895
20788
47948
222
23745
25254
33985
40194
18334
24010
46532
46522
29713
14103
44373
31925
3459
34365
45690
42076
26613
49961
14791
33719
8381
40156
42348
17258
30394
15880
9053
41551
10888
35767
12985
46236
8769
42154
33682
42669
37963
4215
11290
2054
22000
34954
1754
14488
39663
20630
24344
6905
22879
45766
30373
41470
2797
19708
8377
3419
45989
3604
19763
30460
42386
14740
16444
16970
37988
38575
38135
33599
16831
36553
5200
27566
48760
20519
42033
38762
13650
17989
5905
59
45953
27357
35735
45715
29323
32866
45390
23702
48770
39321
27745
20997
45213
5796
32356
4700
26503
24712
6193
40546
22208
6614
19462
42712
38790
34528
17773
6087
34116
47000
26421
27058
47738
24143
33065
12496
15066
22118
4753
12770
47523
24444
9915
8728
23864
1470
10705
42512
6637
21502
42299
29547
13180
41954
44044
19810
44151
1216
37852
39110
43706
24815
17592
25752
48534
12344
1562
5408
29348
4161
12678
32363
31428
29715
4811
43231
4396
10921
21215
24089
33221
32307
6549
43825
42770
48687
33937
20069
12439
32550
46337
4013
3928
28721
47201
37305
30432
6144
5431
2642
39243
24028
16584
46461
24491
21386
1876
36639
13945
26251
44592
9907
8546
44878
25519
15015
38769
14731
25557
31431
24933
8421
46695
19590
6744
15670
48181
26787
45449
10631
14538
46031
34394
22271
43127
34474
4294
40943
46030
34578
40409
21101
43761
18817
15946
12520
21225
415
4380
12396
9427
2772
1509
8858
14046
42702
19364
47348
3993
40585
41916
30998
18872
41146
40964
15996
39559
39599
7003
29216
17257
34330
34024
10474
34012
13958
21140
47947
42988
23712
23297
2125
48950
4824
10833
47684
31019
37765
43736
33100
19865
4802
18941
27067
27694
460
9017
16759
28800
36863
37039
2855
1186
41797
13807
29776
43562
9846
40331
7507
24165
21599
27301
40472
20446
34524
27967
15714
7618
7026
16599
23408
33837
14019
47501
41590
36401
38846
45992
36439
25793
40057
31895
11574
29176
24796
14426
24499
45778
27572
12352
2898
17906
3691
30370
18263
31203
35119
28607
30156
25904
48356
35352
4373
28333
40260
35536
10691
7877
28754
26148
15883
7568
32267
10435
34924
18341
26700
40397
39724
14801
30423
18333
49737
23344
40421
11075
26484
14446
1684
34494
7973
16468
44386
14447
32035
7340
21670
19396
47878
29490
24788
39173
48240
31936
4850
44225
11796
36393
44226
278
37263
15314
28097
14491
15625
41322
46964
43214
2100
27813
34223
12066
12513
43442
21651
28462
6470
27136
20147
44641
30958
1644
15519
11182
5466
29994
45823
10448
39087
41566
48593
12552
26084
31568
43538
11690
36117
14601
39937
801
40089
32492
34389
16301
18813
5412
48966
16031
10542
42610
17692
9149
5425
1823
33043
4616
3867
27124
25666
48347
40276
8388
32837
42946
45378
14350
31183
11409
40044
42627
7500
9050
11791
11087
47339
23811
18733
44117
5271
28449
18979
33003
45752
30205
45533
32814
45398
8504
2619
6139
25013
35067
19975
39693
7395
24519
47625
6097
40582
28722
11033
37339
17981
33836
26910
15995
34933
32406
27768
32681
14935
20974
19774
15456
32565
28246
19414
7900
31163
39336
1735
12687
13458
9854
48075
33034
49996
10240
39920
20005
5206
20011
35086
18322
16453
44724
18486
37069
29129
33002
11578
11630
30561
19499
1365
6475
4214
30708
19770
30087
41648
23482
37941
4869
27371
29007
43465
1126
42367
9603
965
29791
22191
36130
40664
16352
34458
31882
27808
30367
36392
528
29052
18223
42352
8022
40715
34948
670
12334
17625
44883
44533
6856
1778
13001
3073
42651
22196
14907
42576
48881
37083
42925
35320
5711
15063
24651
14505
22622
8024
36014
37181
38120
33225
11897
17120
12194
41398
13050
33443
46092
24821
437
29360
11729
29172
47430
13659
25711
11962
36490
26632
13082
2019
47995
5615
29503
14965
24696
22041
23219
49093
39766
3891
16808
49418
4638
3941
30658
11921
33997
45749
28804
41772
33809
38666
38580
19692
43116
48741
14816
25963
40782
28632
35838
49840
2714
7858
33457
38463
15796
46012
30381
6033
30531
14264
18935
49895
46247
20034
20804
15554
7303
6834
32243
33477
13657
7178
33963
33232
19886
21150
22581
30053
31892
20820
41125
43533
20149
41990
47458
23040
15729
3740
14024
36161
10747
27222
17960
13721
42867
48041
17722
45735
24895
729
46775
40492
35227
7660
24853
36057
18380
35048
45131
13411
27247
10183
49196
2745
35663
38680
33265
45277
15509
14869
46922
31647
32358
24723
15514
2460
18555
44305
31354
47202
12329
20812
26829
49518
48486
45931
42326
18215
11416
16846
5846
28659
25292
40514
14487
12126
30339
24595
47985
16934
26685
42587
42170
34576
13771
13179
11163
17419
45130
20645
33883
31657
40879
14826
17188
38522
45691
32862
44027
3591
40688
35268
42726
31530
20706
43813
18335
24047
27779
10002
16631
1952
36555
39692
34174
27658
19113
14184
46928
31863
36409
48646
6440
31098
26768
33250
34373
24024
33751
37711
38172
888
7215
39164
29661
32714
27245
47304
6466
12196
44391
19677
27033
18328
29794
35698
28080
34518
9471
45047
8103
35922
38619
3894
21905
7820
36513
11134
32979
29470
13891
37981
9745
32095
11855
34940
34739
14241
26486
32217
9246
14905
36907
8603
30338
40562
24398
8608
33785
49493
24347
31655
44182
36417
9020
16941
37003
39389
40919
13479
32326
38026
21821
23167
37247
33844
14045
10891
42306
16206
27027
40450
5893
45638
49820
22404
19928
47434
46609
12671
45637
14582
35482
10555
10093
18216
48926
37955
929
39204
20758
21197
29467
33886
4313
24009
2789
12613
10877
8395
49217
28067
3137
28433
26364
5435
198
23447
34466
9992
19888
37996
23967
9266
33473
11155
40853
19106
31949
45829
35865
14458
23885
27227
12924
45448
43597
18302
20144
46924
48773
44770
35024
14939
4355
36568
49396
3981
17589
38431
28319
45018
40332
5559
41904
41987
26741
49282
27636
18289
13096
28589
31002
17280
38472
5242
26105
14502
48345
41448
39721
16683
46798
1818
37948
17224
34545
10064
46998
33686
45009
23925
27739
42794
39323
41105
32801
31907
18433
34414
12151
22913
12640
18160
23938
10247
34717
1781
47115
10404
49811
49041
12302
16007
1322
36019
36978
48038
30202
32581
21413
5454
39616
2169
17353
38220
28248
32151
12699
7802
24011
19345
19649
49687
34470
228
24267
13541
49788
28456
39225
47982
4230
16550
26965
38795
17653
12210
41440
16963
41714
11911
10961
15662
23829
14878
15334
31837
32342
14729
47914
33851
25738
22134
13217
9574
31473
42282
293
32354
7792
32642
21835
17988
30067
5330
8627
4796
22777
30627
36888
29728
37849
31810
33992
14846
20362
25546
4971
31454
8398
22407
37677
25718
13975
39102
4992
14073
32287
44257
23615
26163
35695
40231
25573
46097
9979
38596
10700
17958
4225
1017
20312
5927
28905
29322
36468
2574
7475
24504
43238
9888
16518
11263
20769
388
30256
32821
49723
15143
40607
47420
47378
15866
16854
46370
44663
3389
31745
49513
49442
8742
5553
13773
276
10301
36148
19027
13936
48441
49035
11596
2674
47511
38941
19915
38787
25839
1333
9047
2683
12488
42426
18700
45612
44115
7550
29415
35910
36273
24620
17620
34203
7920
36070
13463
35620
32628
42482
3855
12386
9456
40482
16557
45530
5861
39261
24179
33498
21395
25152
33013
29355
20294
37636
2103
23859
11077
22866
34730
26719
48768
14829
18101
8315
32859
6668
48317
20110
5614
25071
35317
36494
838
22232
32615
14769
13405
9474
42834
48408
17196
26444
28229
29113
26998
16480
23097
1024
21810
11738
3498
11979
13084
20670
6633
47733
2475
39777
38921
18977
5936
44606
31865
2458
20303
8801
18607
36705
48815
11726
28268
9566
13051
46259
19515
33282
7587
2734
40968
34708
11556
34569
24886
21189
8378
31018
25584
9454
8096
41975
40776
26732
48209
20271
19131
22896
25965
29569
9599
3794
49844
28361
24641
2064
18326
26157
15131
18504
47784
12983
36443
27041
6825
40622
15100
87
37255
4927
33136
10489
14465
3100
19240
41914
32762
19416
37123
25434
48151
33255
29014
44190
32226
37702
16966
20532
37699
28140
34173
40012
22174
13596
47521
24761
34071
8839
547
25267
45619
633
36834
7773
12232
41709
292
608
35847
3954
32604
29215
4755
21163
27062
45807
16901
19002
4854
20778
5521
43957
1971
40362
713
44186
11396
42633
19608
25927
16269
30465
20978
33366
17527
1647
46324
21828
29716
5803
42769
3921
43733
24976
23442
12241
24824
11882
3039
35676
9390
26728
10661
7477
8171
36756
18789
14541
14295
26279
33475
35848
33331
42140
40088
3758
46059
3561
32652
44011
13686
36087
36471
45019
22040
25350
27659
16462
38256
44221
28241
17082
1839
46105
32974
29299
11162
48756
13018
13189
9541
4697
15201
2508
45625
32371
34850
9950
10381
16900
1938
22306
42083
24490
44219
15127
18408
19475
47395
19307
2954
6522
25122
1780
13125
40495
1962
14774
46894
11237
33863
5052
47603
34799
41628
46650
4352
1835
39191
9653
36836
15052
44630
36964
24515
36684
49215
36301
1201
28604
9762
8587
34851
21764
35398
48418
39152
18680
46047
11742
27840
18684
18583
36233
29002
326
22551
36565
33810
38753
27951
2285
46399
24385
24226
3101
43390
28775
11355
38967
4771
35369
31916
25210
1572
39649
47493
19545
3808
30942
10533
3012
7284
30265
13986
38010
6510
37597
2225
20079
17643
23998
46041
20269
17431
25551
22559
43009
32542
35428
4048
11066
21112
27324
16679
24048
29248
44759
33205
24100
41415
38156
32997
39780
32946
34141
32823
32598
3123
26760
19973
15963
12003
42599
17202
29027
16590
29964
36069
7492
37133
7955
39877
23930
36742
21885
39951
22525
29116
13303
28544
6449
37412
33207
48726
9259
28465
3339
29231
24773
2017
45292
22537
33933
44442
49836
16873
152
18608
19737
32538
42824
1961
24977
22714
26137
9600
41479
43553
40975
6719
49197
10532
43103
33974
46559
22438
5763
22969
29427
3025
34325
16218
39237
5605
25069
16062
34660
4895
47004
22198
19644
43161
16368
44343
29681
23963
48300
34594
32939
47184
24414
2357
21385
7987
18213
2142
25548
37764
31653
2910
12554
32622
48700
13995
6375
11603
27421
6574
18940
29778
36245
8784
17640
11067
14174
21626
7653
31517
25697
26390
19257
13521
38595
38552
41249
36
44648
4988
28779
41483
35374
31459
37856
26336
7064
27900
47436
4737
9809
2899
22925
11841
19194
20680
4381
29276
6050
49401
31001
4979
13651
18694
1096
18097
4216
38647
8896
43758
16781
48797
4131
16370
17099
19806
29985
25406
43543
687
16504
11048
26232
42911
12135
18023
17407
44099
44483
23503
1506
21391
22234
6850
40846
22037
17185
32252
45456
29391
38303
6816
48091
36889
19083
14369
16188
18303
10339
7436
24953
31191
20300
17857
14177
19247
43566
38738
27293
23572
12839
29979
40521
35138
2438
47334
36268
25970
38514
40931
45650
35300
48211
24964
1134
22027
3896
31490
10864
33678
40520
49261
38536
36456
29858
38618
35054
37579
49081
11028
22164
23398
47846
22895
3858
13455
4809
43932
44511
2334
14719
23675
48051
39059
2758
26937
24507
8208
43662
11138
48461
5691
17793
33153
29332
41199
14180
11196
33548
14841
28364
19306
32295
21031
42099
23292
8575
1345
19680
20094
43066
5427
11452
48017
17926
37968
49717
38045
38648
979
18070
3636
22221
26016
39024
18475
30641
28413
46050
49116
44381
47010
48167
17831
42259
5535
42468
31548
44098
3387
3197
37646
8777
37120
19845
12673
24095
19902
31805
22695
9444
25831
8393
20635
34039
28981
48470
3438
42670
28096
44288
42861
25052
22024
32297
48141
34264
31636
49370
28045
4686
44185
14087
19613
14825
45916
23635
48843
36387
47425
21845
49607
97
47956
29069
45107
39704
1436
24250
33085
7419
14237
47379
38899
26817
27574
42341
31587
2876
38193
29119
15908
24304
7946
32067
5025
24904
4360
34206
14303
40997
33416
35279
42931
26477
29527
20962
6129
37233
48028
30515
45503
26876
32572
4067
29769
20608
47576
47528
33622
12548
7922
33779
8385
30035
16388
10949
12695
49305
19480
45272
5001
43044
4069
43426
1504
41677
4018
37886
28887
2073
12231
36305
14498
844
22289
2914
34137
15423
44208
14524
5319
19123
48077
45384
35105
27444
29094
34475
49411
14460
42422
29081
33819
30209
15550
49275
4188
22808
3160
7473
18727
43007
12456
44777
29287
47774
21630
13037
37256
18058
39170
3625
18541
17263
43782
11503
37087
26082
47417
25574
44284
42142
19481
31228
32736
43477
48301
24940
21638
28447
22970
17192
21604
15196
45923
5882
28553
28635
23108
38323
39297
31595
33738
31569
37115
42354
35187
23555
12037
18032
44778
24945
8515
42777
34418
21036
9114
6171
41353
14242
14865
21477
19777
24840
21219
29526
12868
6048
27299
3069
10568
2471
44992
26943
15683
30288
38754
41081
25033
23159
15930
25876
90
16936
47042
45805
5002
12902
33984
46087
36382
49529
44038
14093
24616
3488
13598
37632
48802
1923
1481
10613
19228
36567
3676
27042
27211
22324
22949
30737
44740
12244
35180
45169
9418
19488
31554
22769
27650
42939
46209
10237
23759
33455
1519
31262
20559
15532
13739
48916
1125
11875
20488
25042
17738
5892
47297
40865
34995
10738
26332
8254
5641
14126
23583
43065
40242
34725
11222
35070
4552
25416
34326
35759
45871
48648
6615
23075
31492
2747
48577
33998
5500
10525
15787
46424
13408
49803
15433
48243
29106
33173
11966
10253
7061
13886
10010
21491
31451
46897
37141
2242
43669
39726
14620
47508
1181
22850
6554
12758
29102
31515
49850
11932
43600
31704
37399
14293
34113
19312
40434
1894
47832
44353
17075
44679
42443
39172
47611
16628
23778
36678
23562
40068
25758
1645
26058
13520
5391
26625
12834
12836
15000
17904
32980
21733
9300
46135
34532
29766
43363
39707
42720
13752
45096
18098
27602
8894
37720
17858
2852
47830
28399
30249
41395
12428
42752
22381
11492
41157
41170
48358
27990
20309
8485
9016
16332
22188
7760
322
44571
31387
28654
42040
36323
30650
41098
21797
39791
34153
28595
4953
46677
42701
48735
31835
23114
40030
40765
11750
11201
14345
33463
18367
40281
9346
12863
7648
30286
17387
20541
9778
21815
45248
38206
18983
48613
5890
28840
1769
17413
22310
28009
17642
9659
45984
43100
35211
40616
7402
31961
29852
11151
2208
31412
19166
39573
40751
23577
49306
11970
4734
29201
13736
27276
5842
37871
36631
13335
1396
14254
25078
11601
35893
33520
10158
31342
16212
42075
26518
22847
44144
49973
49953
29575
25269
15440
14868
17656
8853
6738
32331
19269
26199
41707
38827
31058
22156
23834
47223
11781
35702
34109
34149
20558
30237
10382
44193
1554
43121
48767
6657
4935
42405
2352
15679
1467
43633
8462
44885
12030
22267
15498
25253
28428
47637
36481
33309
8604
46620
14307
11537
20227
20676
20993
28704
9365
843
36685
15758
26098
44041
9898
38081
12974
26824
36164
21655
318
44303
32771
14649
4564
4303
41079
26605
17374
2032
34891
39368
29256
7300
28359
36798
11748
15146
11373
5730
5102
9788
7883
3789
9387
35744
40992
8368
35707
2472
31954
24041
33256
31261
42763
30661
12803
47145
35816
28258
10284
49920
9411
38107
47617
15396
30490
41507
33791
49066
13707
38689
12703
20807
14057
28581
45914
38763
6894
19612
3748
5432
16238
10890
35684
1235
22386
32302
48833
27511
6983
4498
14390
49812
34981
19163
17330
20324
7529
31103
2769
9011
3642
44242
21587
24215
5311
44966
12474
32290
38578
39085
36330
34669
27362
38340
40268
25897
22943
20996
29473
1476
12744
20377
38298
2231
6414
9373
32388
34310
30079
38451
47235
33995
36099
18196
31878
13384
14803
17059
49123
27020
22510
15050
17327
4845
24333
47365
4648
32158
36680
8351
4087
27514
25475
45951
9438
3211
16233
35908
1414
22121
18387
3284
26249
914
11236
4658
43579
30470
32472
15354
25212
22412
42903
14322
12967
34489
8275
34535
28787
7022
37625
20085
37377
13904
8263
12530
43602
39381
15185
22562
33103
42391
17777
9786
16174
14507
44704
27207
23208
31408
11857
4082
40313
1128
37754
22757
34324
15520
12281
30312
24137
40536
7408
36856
33211
23895
1133
36951
47086
7190
45785
16232
37105
44989
47536
36662
4456
2127
28933
10243
49663
48608
48680
41089
25384
49985
19801
29223
40036
1534
15157
32429
27338
35295
20293
24125
32620
43019
44627
39373
48690
20669
6010
41835
25728
27989
3072
14862
48592
4519
47377
36928
49409
29314
22383
4394
28254
32482
45618
24597
47105
14621
14262
9998
46714
7317
27016
27655
49268
27843
41475
21806
47967
33327
24856
44570
8499
8704
9008
18135
22265
39157
6166
16826
17885
44746
48292
9317
9592
30359
34278
28448
723
38479
2723
39750
7042
32008
20649
14009
41598
33027
6007
24109
22493
43744
35547
20600
23914
3227
38951
9539
34755
21676
41582
22116
21622
23551
31092
37934
9739
26354
22580
13295
46834
38990
14124
21600
5789
41899
24508
3933
11817
9987
29984
30310
30192
30015
5767
40631
18711
19864
4669
42062
34111
18861
25654
2519
14265
34779
7083
27235
42832
26649
37609
22076
25392
4725
12140
20330
46150
35236
7596
49846
27233
47480
30593
22137
44696
19895
20860
8359
9525
30293
18865
39430
44215
11804
5197
42595
36616
48846
4483
1265
27972
16713
47002
22816
26219
